"0","# Reading Cervical IL-2 Administered Rats for LD"
"0","readxl::read_excel(path =""../Summary Multiplex Data.xlsx"","
"0","                   sheet = ""Cervical"","
"0","                    range =""N20:R25"") -> LD_Circadian_Cerv_IL2_Filter"
"0",""
"0","# Reading Cervical IL-2 Administered Rats for rLEN"
"0","readxl::read_excel(path =""../Summary Multiplex Data.xlsx"","
"0","                   sheet = ""Cervical"","
"0","                    range =""U20:Y25"") -> rLEN_Circadian_Cerv_IL2_Filter"
