{"chunk_definitions":[{"row":35,"row_count":1,"visible":true,"expansion_state":0,"options":{"engine":"r","label":"setup","include":false,"dev":"png"},"document_id":"D357D981","chunk_id":"csetup_chunk","chunk_label":"setup"},{"row":47,"row_count":1,"visible":true,"expansion_state":0,"options":{},"document_id":"D357D981","chunk_id":"ccr0kppev68w3","chunk_label":"unnamed-chunk-1"},{"row":64,"row_count":1,"visible":true,"expansion_state":0,"options":{},"document_id":"D357D981","chunk_id":"c6mcvsvxth8mn","chunk_label":"unnamed-chunk-2"},{"row":97,"row_count":1,"visible":true,"expansion_state":0,"options":{},"document_id":"D357D981","chunk_id":"c78opsnpl9pu0","chunk_label":"unnamed-chunk-3"},{"row":126,"row_count":1,"visible":true,"expansion_state":0,"options":{},"document_id":"D357D981","chunk_id":"cjnl5f9owurzo","chunk_label":"unnamed-chunk-4"},{"row":136,"row_count":1,"visible":true,"expansion_state":0,"options":{},"document_id":"D357D981","chunk_id":"cu2mxdqvbktuj","chunk_label":"unnamed-chunk-5"},{"row":157,"row_count":1,"visible":true,"expansion_state":0,"options":{},"document_id":"D357D981","chunk_id":"ca12aafkwm19q","chunk_label":"unnamed-chunk-6"},{"row":178,"row_count":1,"visible":true,"expansion_state":0,"options":{},"document_id":"D357D981","chunk_id":"cxizc9j3poz4l","chunk_label":"unnamed-chunk-7"},{"row":198,"row_count":1,"visible":true,"expansion_state":0,"options":{},"document_id":"D357D981","chunk_id":"ce9q632ee7qjp","chunk_label":"unnamed-chunk-8"},{"row":213,"row_count":1,"visible":true,"expansion_state":0,"options":{},"document_id":"D357D981","chunk_id":"c8zkibktdcms9","chunk_label":"unnamed-chunk-9"},{"row":232,"row_count":1,"visible":true,"expansion_state":0,"options":{},"document_id":"D357D981","chunk_id":"cbbvnbb8zec4j","chunk_label":"unnamed-chunk-10"},{"row":242,"row_count":1,"visible":true,"expansion_state":0,"options":{},"document_id":"D357D981","chunk_id":"cgjyhs204q0k4","chunk_label":"unnamed-chunk-11"},{"row":381,"row_count":1,"visible":true,"expansion_state":0,"options":{},"document_id":"D357D981","chunk_id":"c21dq4tny5xdv","chunk_label":"unnamed-chunk-12"}],"doc_write_time":1756224205,"working_dir":null,"default_chunk_options":{"echo":true}}