"0","# Reading Thoracic IL-12 Administered Rats for LD"
"0","readxl::read_excel(path =""../Summary Multiplex Data.xlsx"","
"0","                   sheet = ""Thoracic"","
"0","                    range =""N56:R62"") -> LD_Circadian_Thor_IL12_Filter"
"0",""
"0","# Reading Thoracic IL-12 Administered Rats for rLEN"
"0","readxl::read_excel(path =""../Summary Multiplex Data.xlsx"","
"0","                   sheet = ""Thoracic"","
"0","                    range =""U56:Y62"") -> rLEN_Circadian_Thor_IL12_Filter"
