"0","#### Creating a Combined Pseudo-Rayleigh Plot for Group Rhythm Visualization"
"0","# --- Data Extraction ---"
"0","# Extract LD Medullary Serotonin (SM) data"
"0","LD_SM_acrophase <- LD_SM_Results_table$Values[LD_SM_Results_table$Parameter == ""LD Acrophase (Hrs)""]"
"0","LD_SM_amplitude <- LD_SM_Results_table$Values[LD_SM_Results_table$Parameter == ""LD Amplitude""]"
"0",""
"0","# Extract rLEN Medullary Serotonin (SM) data"
"0","rLEN_SM_acrophase <- rLEN_SM_Results_table$Values[rLEN_SM_Results_table$Parameter == ""rLEN Acrophase (Hrs)""]"
"0","rLEN_SM_amplitude <- rLEN_SM_Results_table$Values[rLEN_SM_Results_table$Parameter == ""rLEN Amplitude""]"
"0",""
"0","# --- Data Preparation for Combined Plot ---"
"0","# Create data frames for each condition"
"0","LD_SM_vector_data <- data.frame("
"0","  Condition = ""LD"","
"0","  acrophase = LD_SM_acrophase,"
"0","  amplitude = LD_SM_amplitude"
"0",")"
"0",""
"0","rLEN_SM_vector_data <- data.frame("
"0","  Condition = ""rLEN"","
"0","  acrophase = rLEN_SM_acrophase,"
"0","  amplitude = rLEN_SM_amplitude"
"0",")"
"0",""
"0","# Combine the two data frames into a single one"
"0","combined_SM_vector_data <- rbind(LD_SM_vector_data, rLEN_SM_vector_data) %>%"
"0","  arrange(desc(amplitude))"
"0",""
"0",""
"0","# --- 1. Create the Main Plot ---"
"0","max_amplitude <- max(combined_SM_vector_data$amplitude, na.rm = TRUE)"
"0",""
"0","# maximum radius"
"0","r_max <- max_amplitude * 1.5  "
"0",""
"0","# Function to generate wedge polygons for polar coordinates"
"0","make_wedge <- function(start, end, r, n_points = 200) {"
"0","  # Generate angles (in hours) for the arc, including start and end"
"0","  theta <- seq(start, end, length.out = n_points + 2)  # +2 to include start and end explicitly"
"0","  # Radius values from 0 to r_max, repeated for the arc, and back to 0"
"0","  r_vals <- c(0, rep(r, n_points), 0)"
"0","  # Create data frame for the closed polygon"
"0","  data.frame("
"0","    x = theta[c(1, 1:n_points, n_points + 2)],  # Start, arc points, end"
"0","    y = r_vals  # From 0 to r_max and back to 0"
"0","  )"
"0","}"
"0",""
"0","day_poly   <- make_wedge(0, 12, r_max)"
"0","night_poly <- make_wedge(12, 24, r_max)"
"0",""
"0","main_plot_with_legend <- ggplot(combined_SM_vector_data, aes(color = Condition)) +"
"0","  # Draw the day and night background ribbons"
"0","  geom_polygon(data = day_poly, aes(x = x, y = y),"
"0","               inherit.aes = FALSE, fill = ""#FFFACD"", alpha = 0.4) +"
"0","  geom_polygon(data = night_poly, aes(x = x, y = y),"
"0","               inherit.aes = FALSE, fill = ""#E6E6FA"", alpha = 0.4) +"
"0","  # Arrows are drawn based on their order in the arranged data frame"
"0","  geom_segment("
"0","    aes(x = acrophase, y = 0, xend = acrophase, yend = amplitude),"
"0","    arrow = arrow(length = unit(0.3, ""cm"")),"
"0","    linewidth = 1.5"
"0","  ) +"
"0","  # Add the sun and moon symbols as annotations"
"0","  annotate(""text"", x = 6, y = max_amplitude * 1.4, label = ""\u2600"", size = 8) +"
"0","  annotate(""text"", x = 18, y = max_amplitude * 1.4, label = ""\U0001F319"", size = 8) +"
"0","  coord_polar(theta = ""x"", start = 0) +"
"0","  scale_x_continuous(limits = c(0, 24), breaks = seq(0,22, by = 2)) +"
"0","  scale_y_continuous(limits = c(0, max_amplitude * 1.5)) + "
"0","  scale_color_manual(values = c(""LD"" = ""black"", ""rLEN"" = ""red"")) +"
"0","  labs("
"0","    title = ""Medullary Serotonin Group Acrophase Comparison (LD vs. rLEN)"","
"0","    x = ""Zeitgeber Time (ZT)"", y = ""Amplitude"", color = ""Condition"""
"0","  ) +"
"0","  theme_void() + # Start with a completely blank theme"
"0","  theme("
"0","    plot.title = element_text(hjust = 0.5, face = ""bold""),"
"0","    axis.text.x = element_text(color = ""black""),      "
"0","    axis.title = element_text(color = ""black""),"
"0","    axis.title.y = element_text(angle = 90, vjust = 0.5),"
"0","    panel.grid.major = element_line(color = ""grey85""),"
"0","    panel.grid.minor = element_blank(),"
"0","    legend.position = ""right"""
"0","  )"
"0",""
"0","# --- 2. Create the separate amplitude legend plot ---"
"0",""
"0","# Build the main plot to extract the actual y-axis (radial) breaks"
"0","plot_build_data <- ggplot_build(main_plot_with_legend)"
"0","radial_breaks <- plot_build_data$layout$panel_params[[1]]$r.major"
"0",""
"0","# Filter out the break at 0, as we don't need a ring for it"
"0","legend_rings <- data.frame(r = radial_breaks[radial_breaks > 0])"
"0",""
"0","# Determine the maximum radius for setting the y-limit of the legend plot"
"0","legend_max_val <- if (length(legend_rings$r) > 0) max(legend_rings$r) else 0"
"0",""
"0","amplitude_legend_plot <- ggplot() +"
"0","  # Draw circles for each break value found in the main plot"
"0","  geom_circle(data = legend_rings, aes(x0 = 0, y0 = 0, r = r), color = ""grey50"") +"
"0","  # Add text labels for each circle"
"0","  geom_text(data = legend_rings, aes(x = 0, y = r, label = r), vjust = -0.5, size = 3) +"
"0","  theme_void() + "
"0","  coord_fixed() +"
"0","  # Set ylim to ensure the largest ring and its text aren't cut off"
"0","  ylim(-legend_max_val, legend_max_val * 1.2)"
"0",""
"0",""
"0","# --- 3. Prepare the components for the final layout ---"
"0",""
"0","main_plot_only <- main_plot_with_legend + theme(legend.position = ""none"")"
"0","condition_legend <- cowplot::get_legend(main_plot_with_legend)"
"0",""
"0","# --- 4. Arrange the final figure in a three-column layout ---"
"0","final_plot <- grid.arrange("
"0","  amplitude_legend_plot,"
"0","  main_plot_only,"
"0","  condition_legend,"
"0","  ncol = 3,"
"0","  widths = c(1.5, 5, 1.5)"
"0",")"
