"0",""
"0","# Set the working directory to the folder where you want to save PDFs"
"0","# Use ggsave() to save the plot as a high-quality PDF"
"0","rayleigh_dir <- here(""Rayleigh Plots"")"
"0","# Create the directory if it does not exist"
"0","if (!dir.exists(rayleigh_dir)) dir.create(rayleigh_dir)  "
"0","ggsave("
"0","  filename = file.path(rayleigh_dir, ""MedullaryIL4_Plot.pdf""),  "
"0","  plot = final_plot,"
"0","  width = 8,   # Width in inches"
"0","  height = 5,  # Height in inches"
"0","  device = cairo_pdf,"
"0","  # Add this line to specify the font"
"0","  family = ""Segoe UI Symbol"" "
"0",")"
