"0","# Creating Table of Data VOIs for LD Clock Per1 Rat Model"
"0","## Produces Table of Pertinent Values (Mesor, Amplitude, Acrophase, Bathyphase)"
"0","## and Converts Table into Graphical Object for Figure Creation"
"0","extract_cosinor_clock(cosMod_LD_CPer1_data, LD_Circadian_Clock_Per1_data,"
"0","                ""LD"") -> LD_extract_output"
"0","LD_CPer1_Results_table <- LD_extract_output$results_table"
"0","LD_CPer1_Results_grob <- LD_extract_output$results_grob"
"0",""
"0",""
"0","# Creating Table of Data VOIs for rLEN Clock Per1 Rat Model"
"0","## Produces Table of Pertinent Values (Mesor, Amplitude, Acrophase, Bathyphase)"
"0","## and Converts Table into Graphical Object for Figure Creation"
"0","extract_cosinor_clock(cosMod_rLEN_CPer1_data, rLEN_Circadian_Clock_Per1_data,"
"0","                ""rLEN"") -> rLEN_extract_output"
"0","rLEN_CPer1_Results_table <- rLEN_extract_output$results_table"
"0","rLEN_CPer1_Results_grob <- rLEN_extract_output$results_grob"
