{"chunk_definitions":[{"row":35,"row_count":1,"visible":true,"expansion_state":0,"options":{"engine":"r","label":"setup","include":false,"dev":"png"},"document_id":"FB0B4591","chunk_id":"csetup_chunk","chunk_label":"setup"},{"row":47,"row_count":1,"visible":true,"expansion_state":0,"options":{},"document_id":"FB0B4591","chunk_id":"cqvlmlmq7ieb6","chunk_label":"unnamed-chunk-1"},{"row":64,"row_count":1,"visible":true,"expansion_state":0,"options":{},"document_id":"FB0B4591","chunk_id":"cyy8o1xarpprx","chunk_label":"unnamed-chunk-2"},{"row":97,"row_count":1,"visible":true,"expansion_state":0,"options":{},"document_id":"FB0B4591","chunk_id":"c7mmg6wq62dm9","chunk_label":"unnamed-chunk-3"},{"row":126,"row_count":1,"visible":true,"expansion_state":0,"options":{},"document_id":"FB0B4591","chunk_id":"cwlcsj0cboc4r","chunk_label":"unnamed-chunk-4"},{"row":136,"row_count":1,"visible":true,"expansion_state":0,"options":{},"document_id":"FB0B4591","chunk_id":"c3venajz00c1x","chunk_label":"unnamed-chunk-5"},{"row":157,"row_count":1,"visible":true,"expansion_state":0,"options":{},"document_id":"FB0B4591","chunk_id":"cermrvt59x51f","chunk_label":"unnamed-chunk-6"},{"row":178,"row_count":1,"visible":true,"expansion_state":0,"options":{},"document_id":"FB0B4591","chunk_id":"cx98ygzsv3gez","chunk_label":"unnamed-chunk-7"},{"row":198,"row_count":1,"visible":true,"expansion_state":0,"options":{},"document_id":"FB0B4591","chunk_id":"cnf4dv0rfjlkt","chunk_label":"unnamed-chunk-8"},{"row":213,"row_count":1,"visible":true,"expansion_state":0,"options":{},"document_id":"FB0B4591","chunk_id":"cuydb80axm1xa","chunk_label":"unnamed-chunk-9"},{"row":232,"row_count":1,"visible":true,"expansion_state":0,"options":{},"document_id":"FB0B4591","chunk_id":"cl5wdxrsokcag","chunk_label":"unnamed-chunk-10"},{"row":242,"row_count":1,"visible":true,"expansion_state":0,"options":{},"document_id":"FB0B4591","chunk_id":"cfpmxr40e2ts4","chunk_label":"unnamed-chunk-11"},{"row":381,"row_count":1,"visible":true,"expansion_state":0,"options":{},"document_id":"FB0B4591","chunk_id":"codocw8p4a83p","chunk_label":"unnamed-chunk-12"}],"doc_write_time":1756224063,"working_dir":null,"default_chunk_options":{"echo":true}}