{"chunk_definitions":[{"row":35,"row_count":1,"visible":true,"expansion_state":0,"options":{"engine":"r","label":"setup","include":false,"dev":"png"},"document_id":"4B2B32DE","chunk_id":"csetup_chunk","chunk_label":"setup"},{"row":47,"row_count":1,"visible":true,"expansion_state":0,"options":{},"document_id":"4B2B32DE","chunk_id":"caohtoa73drzx","chunk_label":"unnamed-chunk-1"},{"row":64,"row_count":1,"visible":true,"expansion_state":0,"options":{},"document_id":"4B2B32DE","chunk_id":"cz9s1ehz64ep9","chunk_label":"unnamed-chunk-2"},{"row":97,"row_count":1,"visible":true,"expansion_state":0,"options":{},"document_id":"4B2B32DE","chunk_id":"c5g7ypsibv2yn","chunk_label":"unnamed-chunk-3"},{"row":126,"row_count":1,"visible":true,"expansion_state":0,"options":{},"document_id":"4B2B32DE","chunk_id":"cp3uw3pj7r2r9","chunk_label":"unnamed-chunk-4"},{"row":136,"row_count":1,"visible":true,"expansion_state":0,"options":{},"document_id":"4B2B32DE","chunk_id":"c7ad76dbvvv6p","chunk_label":"unnamed-chunk-5"},{"row":157,"row_count":1,"visible":true,"expansion_state":0,"options":{},"document_id":"4B2B32DE","chunk_id":"cvshfhb5jewnw","chunk_label":"unnamed-chunk-6"},{"row":178,"row_count":1,"visible":true,"expansion_state":0,"options":{},"document_id":"4B2B32DE","chunk_id":"ccu19nw7hfqgb","chunk_label":"unnamed-chunk-7"},{"row":198,"row_count":1,"visible":true,"expansion_state":0,"options":{},"document_id":"4B2B32DE","chunk_id":"clnynvsbgl0l7","chunk_label":"unnamed-chunk-8"},{"row":213,"row_count":1,"visible":true,"expansion_state":0,"options":{},"document_id":"4B2B32DE","chunk_id":"cqzqv79hq4m4l","chunk_label":"unnamed-chunk-9"},{"row":232,"row_count":1,"visible":true,"expansion_state":0,"options":{},"document_id":"4B2B32DE","chunk_id":"cf7drvmwahclk","chunk_label":"unnamed-chunk-10"},{"row":240,"row_count":1,"visible":true,"expansion_state":0,"options":{},"document_id":"4B2B32DE","chunk_id":"c4598juava9di","chunk_label":"unnamed-chunk-11"},{"row":379,"row_count":1,"visible":true,"expansion_state":0,"options":{},"document_id":"4B2B32DE","chunk_id":"ckaxqid912z3g","chunk_label":"unnamed-chunk-12"}],"doc_write_time":1756219107,"working_dir":null,"default_chunk_options":{"echo":true}}