{"chunk_definitions":[{"row":35,"row_count":1,"visible":true,"expansion_state":0,"options":{"engine":"r","label":"setup","include":false,"dev":"png"},"document_id":"C315A6A0","chunk_id":"csetup_chunk","chunk_label":"setup"},{"row":47,"row_count":1,"visible":true,"expansion_state":0,"options":{},"document_id":"C315A6A0","chunk_id":"chcrqo6wg8d6y","chunk_label":"unnamed-chunk-1"},{"row":64,"row_count":1,"visible":true,"expansion_state":0,"options":{},"document_id":"C315A6A0","chunk_id":"cpo3ldwg3om9a","chunk_label":"unnamed-chunk-2"},{"row":97,"row_count":1,"visible":true,"expansion_state":0,"options":{},"document_id":"C315A6A0","chunk_id":"civvzbrjguwf2","chunk_label":"unnamed-chunk-3"},{"row":126,"row_count":1,"visible":true,"expansion_state":0,"options":{},"document_id":"C315A6A0","chunk_id":"cizt86wig2klz","chunk_label":"unnamed-chunk-4"},{"row":136,"row_count":1,"visible":true,"expansion_state":0,"options":{},"document_id":"C315A6A0","chunk_id":"cu1ik4zcpd75u","chunk_label":"unnamed-chunk-5"},{"row":157,"row_count":1,"visible":true,"expansion_state":0,"options":{},"document_id":"C315A6A0","chunk_id":"c8wd5bgb0n5ut","chunk_label":"unnamed-chunk-6"},{"row":178,"row_count":1,"visible":true,"expansion_state":0,"options":{},"document_id":"C315A6A0","chunk_id":"c5mcssesdeipo","chunk_label":"unnamed-chunk-7"},{"row":198,"row_count":1,"visible":true,"expansion_state":0,"options":{},"document_id":"C315A6A0","chunk_id":"cx2rbwxc1pud4","chunk_label":"unnamed-chunk-8"},{"row":213,"row_count":1,"visible":true,"expansion_state":0,"options":{},"document_id":"C315A6A0","chunk_id":"cb15vut7gezwn","chunk_label":"unnamed-chunk-9"},{"row":232,"row_count":1,"visible":true,"expansion_state":0,"options":{},"document_id":"C315A6A0","chunk_id":"cjrl2xnzldlct","chunk_label":"unnamed-chunk-10"},{"row":242,"row_count":1,"visible":true,"expansion_state":0,"options":{},"document_id":"C315A6A0","chunk_id":"cni5zegxi9xam","chunk_label":"unnamed-chunk-11"},{"row":381,"row_count":1,"visible":true,"expansion_state":0,"options":{},"document_id":"C315A6A0","chunk_id":"c8j8ywiaermmu","chunk_label":"unnamed-chunk-12"}],"doc_write_time":1756223936,"working_dir":null,"default_chunk_options":{"echo":true}}