"0","# Reading Thoracic 6-7 Spinal Adenosine Administered Rats for LD"
"0","readxl::read_excel(path =""../Circadian Disruption ZT Data.xlsx"","
"0","                   sheet = ""Thoracic 6-7 Spinal Adenosine"","
"0","                    range =""N2:R8"") -> Circadian_ThorSpinalAden_LD"
"0",""
"0","# Reading Thoracic 6-7 Spinal Adenosine Administered Rats for rLEN"
"0","readxl::read_excel(path =""../Circadian Disruption ZT Data.xlsx"","
"0","                   sheet = ""Thoracic 6-7 Spinal Adenosine"","
"0","                    range =""U2:Y7"") -> Circadian_ThorSpinalAden_rLEN"
