{"chunk_definitions":[{"row":35,"row_count":1,"visible":true,"expansion_state":0,"options":{"engine":"r","label":"setup","include":false,"dev":"png"},"document_id":"5D90CEAB","chunk_id":"csetup_chunk","chunk_label":"setup"},{"row":47,"row_count":1,"visible":true,"expansion_state":0,"options":{},"document_id":"5D90CEAB","chunk_id":"c0j93qrt0eka7","chunk_label":"unnamed-chunk-1"},{"row":64,"row_count":1,"visible":true,"expansion_state":0,"options":{},"document_id":"5D90CEAB","chunk_id":"czoffrlowm55t","chunk_label":"unnamed-chunk-2"},{"row":97,"row_count":1,"visible":true,"expansion_state":0,"options":{},"document_id":"5D90CEAB","chunk_id":"cg2yw2tbp11jq","chunk_label":"unnamed-chunk-3"},{"row":126,"row_count":1,"visible":true,"expansion_state":0,"options":{},"document_id":"5D90CEAB","chunk_id":"cn6mx29wuy1qu","chunk_label":"unnamed-chunk-4"},{"row":136,"row_count":1,"visible":true,"expansion_state":0,"options":{},"document_id":"5D90CEAB","chunk_id":"ckmgw6r9hikkl","chunk_label":"unnamed-chunk-5"},{"row":157,"row_count":1,"visible":true,"expansion_state":0,"options":{},"document_id":"5D90CEAB","chunk_id":"c6r9t2zmsyglw","chunk_label":"unnamed-chunk-6"},{"row":178,"row_count":1,"visible":true,"expansion_state":0,"options":{},"document_id":"5D90CEAB","chunk_id":"c9ph46dxv0u1a","chunk_label":"unnamed-chunk-7"},{"row":198,"row_count":1,"visible":true,"expansion_state":0,"options":{},"document_id":"5D90CEAB","chunk_id":"chve33c2azit7","chunk_label":"unnamed-chunk-8"},{"row":213,"row_count":1,"visible":true,"expansion_state":0,"options":{},"document_id":"5D90CEAB","chunk_id":"c108uydfy4a8a","chunk_label":"unnamed-chunk-9"},{"row":232,"row_count":1,"visible":true,"expansion_state":0,"options":{},"document_id":"5D90CEAB","chunk_id":"c5ikm9wf0o5cu","chunk_label":"unnamed-chunk-10"},{"row":242,"row_count":1,"visible":true,"expansion_state":0,"options":{},"document_id":"5D90CEAB","chunk_id":"cs2hayt5v0wk8","chunk_label":"unnamed-chunk-11"},{"row":381,"row_count":1,"visible":true,"expansion_state":0,"options":{},"document_id":"5D90CEAB","chunk_id":"c78wffdwxxlvj","chunk_label":"unnamed-chunk-12"}],"doc_write_time":1756222793,"working_dir":null,"default_chunk_options":{"echo":true}}