"0","# Reading Cervical Spinal Serotonin Administered Rats for LD"
"0","readxl::read_excel(path =""../Circadian Disruption ZT Data.xlsx"","
"0","                   sheet = ""Cervical 3-5 Spinal Serotonin"","
"0","                    range =""N2:R8"") -> Circadian_CervSpinalSero_LD"
"0",""
"0","# Reading Cervical Spinal Serotonin Administered Rats for rLEN"
"0","readxl::read_excel(path =""../Circadian Disruption ZT Data.xlsx"","
"0","                   sheet = ""Cervical 3-5 Spinal Serotonin"","
"0","                    range =""U2:Y7"") -> Circadian_CervSpinalSero_rLEN"
