{"chunk_definitions":[{"row":32,"row_count":1,"visible":true,"expansion_state":0,"options":{"engine":"r","label":"setup","include":false,"dev":"png"},"document_id":"603041AD","chunk_id":"csetup_chunk","chunk_label":"setup"},{"row":44,"row_count":1,"visible":true,"expansion_state":0,"options":{},"document_id":"603041AD","chunk_id":"cytrsddyjrvvl","chunk_label":"unnamed-chunk-1"},{"row":101,"row_count":1,"visible":true,"expansion_state":0,"options":{},"document_id":"603041AD","chunk_id":"ch5b2z4f724oa","chunk_label":"unnamed-chunk-2"},{"row":134,"row_count":1,"visible":true,"expansion_state":0,"options":{},"document_id":"603041AD","chunk_id":"c3fc2lxz7d3nf","chunk_label":"unnamed-chunk-3"},{"row":162,"row_count":1,"visible":true,"expansion_state":0,"options":{},"document_id":"603041AD","chunk_id":"cq5g9a2qg03rf","chunk_label":"unnamed-chunk-4"},{"row":176,"row_count":1,"visible":true,"expansion_state":0,"options":{},"document_id":"603041AD","chunk_id":"csat01af1u10r","chunk_label":"unnamed-chunk-5"},{"row":197,"row_count":1,"visible":true,"expansion_state":0,"options":{},"document_id":"603041AD","chunk_id":"cf7wvldeg3pzj","chunk_label":"unnamed-chunk-6"},{"row":218,"row_count":1,"visible":true,"expansion_state":0,"options":{},"document_id":"603041AD","chunk_id":"cfjs8bq0rtpha","chunk_label":"unnamed-chunk-7"},{"row":238,"row_count":1,"visible":true,"expansion_state":0,"options":{},"document_id":"603041AD","chunk_id":"cp3dr0cdftbsx","chunk_label":"unnamed-chunk-8"},{"row":253,"row_count":1,"visible":true,"expansion_state":0,"options":{},"document_id":"603041AD","chunk_id":"cgaqcxczb6h2j","chunk_label":"unnamed-chunk-9"},{"row":272,"row_count":1,"visible":true,"expansion_state":0,"options":{},"document_id":"603041AD","chunk_id":"ceqt5na5wbk22","chunk_label":"unnamed-chunk-10"},{"row":282,"row_count":1,"visible":true,"expansion_state":0,"options":{},"document_id":"603041AD","chunk_id":"cq851ovmwdexz","chunk_label":"unnamed-chunk-11"},{"row":422,"row_count":1,"visible":true,"expansion_state":0,"options":{},"document_id":"603041AD","chunk_id":"c09mjexo9nieo","chunk_label":"unnamed-chunk-12"}],"doc_write_time":1756227006,"working_dir":null,"default_chunk_options":{"echo":true}}