{"chunk_definitions":[{"row":30,"row_count":1,"visible":true,"expansion_state":0,"options":{"engine":"r","label":"setup","include":false,"dev":"png"},"document_id":"B0C90B1A","chunk_id":"csetup_chunk","chunk_label":"setup"},{"row":42,"row_count":1,"visible":true,"expansion_state":0,"options":{},"document_id":"B0C90B1A","chunk_id":"cla1tl21u2jze","chunk_label":"unnamed-chunk-1"},{"row":98,"row_count":1,"visible":true,"expansion_state":0,"options":{},"document_id":"B0C90B1A","chunk_id":"czqjfc292mfcq","chunk_label":"unnamed-chunk-2"},{"row":131,"row_count":1,"visible":true,"expansion_state":0,"options":{},"document_id":"B0C90B1A","chunk_id":"cc7fjbyvxi3il","chunk_label":"unnamed-chunk-3"},{"row":159,"row_count":1,"visible":true,"expansion_state":0,"options":{},"document_id":"B0C90B1A","chunk_id":"ccebw66lw422v","chunk_label":"unnamed-chunk-4"},{"row":173,"row_count":1,"visible":true,"expansion_state":0,"options":{},"document_id":"B0C90B1A","chunk_id":"cms1gj97tl6m2","chunk_label":"unnamed-chunk-5"},{"row":194,"row_count":1,"visible":true,"expansion_state":0,"options":{},"document_id":"B0C90B1A","chunk_id":"cx28l4gingyx2","chunk_label":"unnamed-chunk-6"},{"row":215,"row_count":1,"visible":true,"expansion_state":0,"options":{},"document_id":"B0C90B1A","chunk_id":"c9gn3sdl3wvnr","chunk_label":"unnamed-chunk-7"},{"row":236,"row_count":1,"visible":true,"expansion_state":0,"options":{},"document_id":"B0C90B1A","chunk_id":"coji37y9emxif","chunk_label":"unnamed-chunk-8"},{"row":251,"row_count":1,"visible":true,"expansion_state":0,"options":{},"document_id":"B0C90B1A","chunk_id":"ct1xwdsbo2tix","chunk_label":"unnamed-chunk-9"},{"row":270,"row_count":1,"visible":true,"expansion_state":0,"options":{},"document_id":"B0C90B1A","chunk_id":"cnq4ujg0okz2l","chunk_label":"unnamed-chunk-10"},{"row":280,"row_count":1,"visible":true,"expansion_state":0,"options":{},"document_id":"B0C90B1A","chunk_id":"cg6na7x5h21j1","chunk_label":"unnamed-chunk-11"}],"doc_write_time":1737754493,"working_dir":null,"default_chunk_options":{"echo":true}}