{"chunk_definitions":[{"row":35,"row_count":1,"visible":true,"expansion_state":0,"options":{"engine":"r","label":"setup","include":false,"dev":"png"},"document_id":"52EFD872","chunk_id":"csetup_chunk","chunk_label":"setup"},{"row":47,"row_count":1,"visible":true,"expansion_state":0,"options":{},"document_id":"52EFD872","chunk_id":"c6ydu25ssjxpt","chunk_label":"unnamed-chunk-1"},{"row":64,"row_count":1,"visible":true,"expansion_state":0,"options":{},"document_id":"52EFD872","chunk_id":"cie94u5xvzfhp","chunk_label":"unnamed-chunk-2"},{"row":97,"row_count":1,"visible":true,"expansion_state":0,"options":{},"document_id":"52EFD872","chunk_id":"c5io4zv400keu","chunk_label":"unnamed-chunk-3"},{"row":126,"row_count":1,"visible":true,"expansion_state":0,"options":{},"document_id":"52EFD872","chunk_id":"cvnvf9gbwtp7w","chunk_label":"unnamed-chunk-4"},{"row":136,"row_count":1,"visible":true,"expansion_state":0,"options":{},"document_id":"52EFD872","chunk_id":"cu9s36ts3uoob","chunk_label":"unnamed-chunk-5"},{"row":157,"row_count":1,"visible":true,"expansion_state":0,"options":{},"document_id":"52EFD872","chunk_id":"cglpgu0l9ucdz","chunk_label":"unnamed-chunk-6"},{"row":178,"row_count":1,"visible":true,"expansion_state":0,"options":{},"document_id":"52EFD872","chunk_id":"c6jyazo1vtwda","chunk_label":"unnamed-chunk-7"},{"row":198,"row_count":1,"visible":true,"expansion_state":0,"options":{},"document_id":"52EFD872","chunk_id":"c881ozdskc9w8","chunk_label":"unnamed-chunk-8"},{"row":213,"row_count":1,"visible":true,"expansion_state":0,"options":{},"document_id":"52EFD872","chunk_id":"csoleq5iew9ql","chunk_label":"unnamed-chunk-9"},{"row":232,"row_count":1,"visible":true,"expansion_state":0,"options":{},"document_id":"52EFD872","chunk_id":"ci9ojykhfh630","chunk_label":"unnamed-chunk-10"},{"row":242,"row_count":1,"visible":true,"expansion_state":0,"options":{},"document_id":"52EFD872","chunk_id":"c7moyz6dencw6","chunk_label":"unnamed-chunk-11"},{"row":381,"row_count":1,"visible":true,"expansion_state":0,"options":{},"document_id":"52EFD872","chunk_id":"cq6zyu68y736i","chunk_label":"unnamed-chunk-12"}],"doc_write_time":1756222746,"working_dir":null,"default_chunk_options":{"echo":true}}