{"chunk_definitions":[{"row":35,"row_count":1,"visible":true,"expansion_state":0,"options":{"engine":"r","label":"setup","include":false,"dev":"png"},"document_id":"08814E55","chunk_id":"csetup_chunk","chunk_label":"setup"},{"row":47,"row_count":1,"visible":true,"expansion_state":0,"options":{},"document_id":"08814E55","chunk_id":"c6a6z8f3az9ns","chunk_label":"unnamed-chunk-1"},{"row":64,"row_count":1,"visible":true,"expansion_state":0,"options":{},"document_id":"08814E55","chunk_id":"c34dfupkwt15i","chunk_label":"unnamed-chunk-2"},{"row":97,"row_count":1,"visible":true,"expansion_state":0,"options":{},"document_id":"08814E55","chunk_id":"cd6ws59h5xhgm","chunk_label":"unnamed-chunk-3"},{"row":126,"row_count":1,"visible":true,"expansion_state":0,"options":{},"document_id":"08814E55","chunk_id":"c2vudw60bl180","chunk_label":"unnamed-chunk-4"},{"row":136,"row_count":1,"visible":true,"expansion_state":0,"options":{},"document_id":"08814E55","chunk_id":"cfan5pbgh74sm","chunk_label":"unnamed-chunk-5"},{"row":157,"row_count":1,"visible":true,"expansion_state":0,"options":{},"document_id":"08814E55","chunk_id":"czs0bmlgtl982","chunk_label":"unnamed-chunk-6"},{"row":178,"row_count":1,"visible":true,"expansion_state":0,"options":{},"document_id":"08814E55","chunk_id":"c6vkr2hmo3jo7","chunk_label":"unnamed-chunk-7"},{"row":198,"row_count":1,"visible":true,"expansion_state":0,"options":{},"document_id":"08814E55","chunk_id":"c9xdqncs94yzp","chunk_label":"unnamed-chunk-8"},{"row":213,"row_count":1,"visible":true,"expansion_state":0,"options":{},"document_id":"08814E55","chunk_id":"c6xtv7u9vsgpx","chunk_label":"unnamed-chunk-9"},{"row":232,"row_count":1,"visible":true,"expansion_state":0,"options":{},"document_id":"08814E55","chunk_id":"c8ylvmqluq6wo","chunk_label":"unnamed-chunk-10"},{"row":242,"row_count":1,"visible":true,"expansion_state":0,"options":{},"document_id":"08814E55","chunk_id":"c4t0zpj9l0knz","chunk_label":"unnamed-chunk-11"},{"row":381,"row_count":1,"visible":true,"expansion_state":0,"options":{},"document_id":"08814E55","chunk_id":"cb2xxx3nos2sj","chunk_label":"unnamed-chunk-12"}],"doc_write_time":1756223219,"working_dir":null,"default_chunk_options":{"echo":true}}