"0","# Set the working directory to the folder where you want to save the tables"
"0","table_dir <- here(""Combined Tables"")"
"0","# Create the directory if it does not exist"
"0","if (!dir.exists(table_dir)) dir.create(table_dir)  "
"0",""
"0","headers <- c(""Cosinor Parameters"", ""Zero Amp Parameters"")"
"0","tables <- list(LD_TSS_Results_grob, LD_TSS_amp_test_grob, "
"0","               rLEN_TSS_Results_grob, rLEN_TSS_amp_test_grob, NULL, NULL)"
"0","title_text <- ""Comparison of Thoracic 6-7 Spinal Serotonin LD and rLEN Circadian Disruption Values"""
"0","output_file <- file.path(table_dir, ""combined_TSS_tables.pdf"")"
"0","fig_width <- 7.5"
"0","fig_height <- 10"
"0","create_combined_pdf(headers, tables, title_text, output_file, fig_width, fig_height)"
"1","null device "
"1","
"
"1","          1 "
"1","
"
