{"chunk_definitions":[{"row":32,"row_count":1,"visible":true,"expansion_state":0,"options":{"engine":"r","label":"setup","include":false,"dev":"png"},"document_id":"00793F5B","chunk_id":"csetup_chunk","chunk_label":"setup"},{"row":44,"row_count":1,"visible":true,"expansion_state":0,"options":{},"document_id":"00793F5B","chunk_id":"c7vpl423idz9j","chunk_label":"unnamed-chunk-1"},{"row":100,"row_count":1,"visible":true,"expansion_state":0,"options":{},"document_id":"00793F5B","chunk_id":"cp583yytq9azt","chunk_label":"unnamed-chunk-2"},{"row":133,"row_count":1,"visible":true,"expansion_state":0,"options":{},"document_id":"00793F5B","chunk_id":"cjndlpt9aqu92","chunk_label":"unnamed-chunk-3"},{"row":161,"row_count":1,"visible":true,"expansion_state":0,"options":{},"document_id":"00793F5B","chunk_id":"c3cd4et4ojhrs","chunk_label":"unnamed-chunk-4"},{"row":175,"row_count":1,"visible":true,"expansion_state":0,"options":{},"document_id":"00793F5B","chunk_id":"crte15jr0fw58","chunk_label":"unnamed-chunk-5"},{"row":196,"row_count":1,"visible":true,"expansion_state":0,"options":{},"document_id":"00793F5B","chunk_id":"c9fcio4m5w13s","chunk_label":"unnamed-chunk-6"},{"row":217,"row_count":1,"visible":true,"expansion_state":0,"options":{},"document_id":"00793F5B","chunk_id":"ca0rhivs58gvr","chunk_label":"unnamed-chunk-7"},{"row":237,"row_count":1,"visible":true,"expansion_state":0,"options":{},"document_id":"00793F5B","chunk_id":"cx3eua7hgvnah","chunk_label":"unnamed-chunk-8"},{"row":252,"row_count":1,"visible":true,"expansion_state":0,"options":{},"document_id":"00793F5B","chunk_id":"cfiw5j96esdec","chunk_label":"unnamed-chunk-9"},{"row":271,"row_count":1,"visible":true,"expansion_state":0,"options":{},"document_id":"00793F5B","chunk_id":"clvv9abtsudst","chunk_label":"unnamed-chunk-10"},{"row":281,"row_count":1,"visible":true,"expansion_state":0,"options":{},"document_id":"00793F5B","chunk_id":"c7sjxx6i9dazg","chunk_label":"unnamed-chunk-11"},{"row":420,"row_count":1,"visible":true,"expansion_state":0,"options":{},"document_id":"00793F5B","chunk_id":"caldduykojcps","chunk_label":"unnamed-chunk-12"}],"doc_write_time":1756227326,"working_dir":null,"default_chunk_options":{"echo":true}}