{"chunk_definitions":[{"row":30,"row_count":1,"visible":true,"expansion_state":0,"options":{"engine":"r","label":"setup","include":false,"dev":"png"},"document_id":"B1ADE0DA","chunk_id":"csetup_chunk","chunk_label":"setup"},{"row":42,"row_count":1,"visible":true,"expansion_state":0,"options":{"engine":"r","label":"unnamed-chunk-15","dev":"png"},"document_id":"B1ADE0DA","chunk_id":"cm2uv3ycgnjdh","chunk_label":"unnamed-chunk-1"},{"row":59,"row_count":1,"visible":true,"expansion_state":0,"options":{"engine":"r","label":"unnamed-chunk-16","dev":"png"},"document_id":"B1ADE0DA","chunk_id":"cy6bqc4zgo7fx","chunk_label":"unnamed-chunk-2"},{"row":92,"row_count":1,"visible":true,"expansion_state":0,"options":{"engine":"r","label":"unnamed-chunk-17","dev":"png"},"document_id":"B1ADE0DA","chunk_id":"c9n6kgsl3cay5","chunk_label":"unnamed-chunk-3"},{"row":121,"row_count":1,"visible":true,"expansion_state":0,"options":{},"document_id":"B1ADE0DA","chunk_id":"cp0bp9jc8lzsz","chunk_label":"unnamed-chunk-4"},{"row":131,"row_count":1,"visible":true,"expansion_state":0,"options":{},"document_id":"B1ADE0DA","chunk_id":"c0o9xw1v7hdaf","chunk_label":"unnamed-chunk-5"},{"row":152,"row_count":1,"visible":true,"expansion_state":0,"options":{},"document_id":"B1ADE0DA","chunk_id":"c30nrxkxny6s3","chunk_label":"unnamed-chunk-6"},{"row":172,"row_count":1,"visible":true,"expansion_state":0,"options":{},"document_id":"B1ADE0DA","chunk_id":"c3n7wn018hnsr","chunk_label":"unnamed-chunk-7"},{"row":193,"row_count":1,"visible":true,"expansion_state":0,"options":{},"document_id":"B1ADE0DA","chunk_id":"cas4uqyfr137l","chunk_label":"unnamed-chunk-8"},{"row":208,"row_count":1,"visible":true,"expansion_state":0,"options":{},"document_id":"B1ADE0DA","chunk_id":"cm2s0rvzdwfs1","chunk_label":"unnamed-chunk-9"},{"row":227,"row_count":1,"visible":true,"expansion_state":0,"options":{},"document_id":"B1ADE0DA","chunk_id":"cdvql898apxay","chunk_label":"unnamed-chunk-10"},{"row":237,"row_count":1,"visible":true,"expansion_state":0,"options":{},"document_id":"B1ADE0DA","chunk_id":"cy6ivrm612b3e","chunk_label":"unnamed-chunk-11"}],"doc_write_time":1744906984,"working_dir":null,"default_chunk_options":{"echo":true}}