"0","# Reading Medullary IL-6 Administered Rats for LD"
"0","readxl::read_excel(path =""../Summary Multiplex Data.xlsx"","
"0","                   sheet = ""Medulla"","
"0","                    range =""N38:R44"") -> LD_Circadian_Med_IL6_Filter"
"0",""
"0","# Reading Medullary IL-6 Administered Rats for rLEN"
"0","readxl::read_excel(path =""../Summary Multiplex Data.xlsx"","
"0","                   sheet = ""Medulla"","
"0","                    range =""U38:Y44"") -> rLEN_Circadian_Med_IL6_Filter"
