"0","# Reading Medullary Adenosine Administered Rats for LD"
"0","readxl::read_excel(path =""../Circadian Disruption ZT Data.xlsx"","
"0","                   sheet = ""Medullary Adenosine"","
"0","                    range =""N2:R8"") -> Circadian_MedAden_LD"
"0",""
"0","# Reading Medullary Adenosine Administered Rats for rLEN"
"0","readxl::read_excel(path =""../Circadian Disruption ZT Data.xlsx"","
"0","                   sheet = ""Medullary Adenosine"","
"0","                    range =""U2:Y7"") -> Circadian_MedAden_rLEN"
