"0","# Data Conversion to get Individual Points for LD Thoracic IFNy "
"0","# Rat Model"
"0","## X value is Zeitgeber time, Y value is Concentration in mg of Drug/Content"
"0",""
"0","# Loads Initial Dataset for LD Thoracic IFNy Rats and "
"0","# Removes Outliers"
"0","#outlier_detection(Circadian_Thor_IFNy_LD) -> out_res_LDTIFNy"
"0","#filter_outliers(Circadian_Thor_IFNy_LD, "
"0","#                out_res_LDTIFNy) ->  LD_Circadian_Thor_IFNy_Filter"
"0",""
"0","# Performs Data Carpentry on Filtered LD IFNy Dataset and Removes 'NA's,"
"0","## filters out ZT of 24"
"0","LD_Circadian_Thor_IFNy_Filter %>%"
"0","  pivot_longer(cols = c(`0`,`6`,`12`, `18`, `24`), names_to = ""ZT"", "
"0","               values_to = ""Concentration(mg)"") %>%"
"0","  drop_na(`Concentration(mg)`) %>%"
"0","  mutate(ZT = as.numeric(ZT)) %>%"
"0","  arrange(ZT) -> LD_Circadian_Thor_IFNy_Filter"
"0","LD_Circadian_Thor_IFNy_Filter %>%"
"0","  # Filter out ZT of 24"
"0","  filter(ZT != 24)  -> LD_Circadian_Thor_IFNy_data"
"0",""
"0","# Creating Cosinor Model for LD IFNy Rat Plots"
"0","cosinor.lm(`Concentration(mg)` ~ time(ZT), period = 24,"
"0","           data = LD_Circadian_Thor_IFNy_Filter) -> cosMod_LD_TIFNy"
"0","# Creating Cosinor Model for LD IFNy Rat Data Analysis"
"0","cosinor.lm(`Concentration(mg)` ~ time(ZT), period = 24,"
"0","           data = LD_Circadian_Thor_IFNy_data) -> cosMod_LD_TIFNy_data"
