"0","# Creating Table of Data VOIs for LD Cervical IL-12 Rat Model"
"0","## Produces Table of Pertinent Values (Mesor, Amplitude, Acrophase, Bathyphase)"
"0","## and Converts Table into Graphical Object for Figure Creation"
"0","extract_cosinor(cosMod_LD_CIL12_data, LD_Circadian_Cerv_IL12_data,"
"0","                ""LD"") -> LD_extract_output"
"0","LD_CIL12_Results_table <- LD_extract_output$results_table"
"0","LD_CIL12_Results_grob <- LD_extract_output$results_grob"
"0",""
"0",""
"0","# Creating Table of Data VOIs for rLEN Cervical IL-12 Rat Model"
"0","## Produces Table of Pertinent Values (Mesor, Amplitude, Acrophase, Bathyphase)"
"0","## and Converts Table into Graphical Object for Figure Creation"
"0","extract_cosinor(cosMod_rLEN_CIL12_data, rLEN_Circadian_Cerv_IL12_data,"
"0","                ""rLEN"") -> rLEN_extract_output"
"0","rLEN_CIL12_Results_table <- rLEN_extract_output$results_table"
"0","rLEN_CIL12_Results_grob <- rLEN_extract_output$results_grob"
