{"chunk_definitions":[{"row":32,"row_count":1,"visible":true,"expansion_state":0,"options":{"engine":"r","label":"setup","include":false,"dev":"png"},"document_id":"BF795080","chunk_id":"csetup_chunk","chunk_label":"setup"},{"row":44,"row_count":1,"visible":true,"expansion_state":0,"options":{},"document_id":"BF795080","chunk_id":"cq2o8sdg87kl8","chunk_label":"unnamed-chunk-1"},{"row":101,"row_count":1,"visible":true,"expansion_state":0,"options":{},"document_id":"BF795080","chunk_id":"cpc8f2u6hvrw7","chunk_label":"unnamed-chunk-2"},{"row":134,"row_count":1,"visible":true,"expansion_state":0,"options":{},"document_id":"BF795080","chunk_id":"c7npibtqmbkzq","chunk_label":"unnamed-chunk-3"},{"row":162,"row_count":1,"visible":true,"expansion_state":0,"options":{},"document_id":"BF795080","chunk_id":"cy1xsk9q3xdbo","chunk_label":"unnamed-chunk-4"},{"row":176,"row_count":1,"visible":true,"expansion_state":0,"options":{},"document_id":"BF795080","chunk_id":"c4e1hfqh4s4fw","chunk_label":"unnamed-chunk-5"},{"row":197,"row_count":1,"visible":true,"expansion_state":0,"options":{},"document_id":"BF795080","chunk_id":"c7uj9c13gvtjp","chunk_label":"unnamed-chunk-6"},{"row":218,"row_count":1,"visible":true,"expansion_state":0,"options":{},"document_id":"BF795080","chunk_id":"c3lrhau4lgr7b","chunk_label":"unnamed-chunk-7"},{"row":238,"row_count":1,"visible":true,"expansion_state":0,"options":{},"document_id":"BF795080","chunk_id":"czhet42hi3pcb","chunk_label":"unnamed-chunk-8"},{"row":253,"row_count":1,"visible":true,"expansion_state":0,"options":{},"document_id":"BF795080","chunk_id":"cwdbs7vbh0lhe","chunk_label":"unnamed-chunk-9"},{"row":272,"row_count":1,"visible":true,"expansion_state":0,"options":{},"document_id":"BF795080","chunk_id":"crh520bzjz17l","chunk_label":"unnamed-chunk-10"},{"row":282,"row_count":1,"visible":true,"expansion_state":0,"options":{},"document_id":"BF795080","chunk_id":"cfghpumuzqz56","chunk_label":"unnamed-chunk-11"},{"row":421,"row_count":1,"visible":true,"expansion_state":0,"options":{},"document_id":"BF795080","chunk_id":"c1mm3nwlbmp7k","chunk_label":"unnamed-chunk-12"}],"doc_write_time":1756227146,"working_dir":null,"default_chunk_options":{"echo":true}}