{"chunk_definitions":[{"row":35,"row_count":1,"visible":true,"expansion_state":0,"options":{"engine":"r","label":"setup","include":false,"dev":"png"},"document_id":"0152B32C","chunk_id":"csetup_chunk","chunk_label":"setup"},{"row":47,"row_count":1,"visible":true,"expansion_state":0,"options":{},"document_id":"0152B32C","chunk_id":"cfcwiaiijvr7z","chunk_label":"unnamed-chunk-1"},{"row":64,"row_count":1,"visible":true,"expansion_state":0,"options":{},"document_id":"0152B32C","chunk_id":"cxg37ri4308ir","chunk_label":"unnamed-chunk-2"},{"row":97,"row_count":1,"visible":true,"expansion_state":0,"options":{},"document_id":"0152B32C","chunk_id":"cnv878wq2a9bq","chunk_label":"unnamed-chunk-3"},{"row":126,"row_count":1,"visible":true,"expansion_state":0,"options":{},"document_id":"0152B32C","chunk_id":"cekr0as7rzzvj","chunk_label":"unnamed-chunk-4"},{"row":136,"row_count":1,"visible":true,"expansion_state":0,"options":{},"document_id":"0152B32C","chunk_id":"czqhn99wsosq3","chunk_label":"unnamed-chunk-5"},{"row":157,"row_count":1,"visible":true,"expansion_state":0,"options":{},"document_id":"0152B32C","chunk_id":"cr7xc5td72py6","chunk_label":"unnamed-chunk-6"},{"row":178,"row_count":1,"visible":true,"expansion_state":0,"options":{},"document_id":"0152B32C","chunk_id":"co725k3uuloea","chunk_label":"unnamed-chunk-7"},{"row":198,"row_count":1,"visible":true,"expansion_state":0,"options":{},"document_id":"0152B32C","chunk_id":"c6u1hn08dfhc6","chunk_label":"unnamed-chunk-8"},{"row":213,"row_count":1,"visible":true,"expansion_state":0,"options":{},"document_id":"0152B32C","chunk_id":"cpr8dd8w6zknr","chunk_label":"unnamed-chunk-9"},{"row":232,"row_count":1,"visible":true,"expansion_state":0,"options":{},"document_id":"0152B32C","chunk_id":"ch4y9lap93m6e","chunk_label":"unnamed-chunk-10"},{"row":240,"row_count":1,"visible":true,"expansion_state":0,"options":{},"document_id":"0152B32C","chunk_id":"c5lh3nhq053xf","chunk_label":"unnamed-chunk-11"},{"row":379,"row_count":1,"visible":true,"expansion_state":0,"options":{},"document_id":"0152B32C","chunk_id":"cgd13oh1ingb6","chunk_label":"unnamed-chunk-12"}],"doc_write_time":1756218829,"working_dir":null,"default_chunk_options":{"echo":true}}