"0","# Reading Thoracic 6-7 Spinal Serotonin Administered Rats for LD"
"0","readxl::read_excel(path =""../Circadian Disruption ZT Data.xlsx"","
"0","                   sheet = ""Thoracic 6-7 Spinal Serotonin"","
"0","                    range =""N2:R11"") -> Circadian_ThorSpinalSero_LD"
"0",""
"0","# Reading Thoracic 6-7 Spinal Serotonin Administered Rats for rLEN"
"0","readxl::read_excel(path =""../Circadian Disruption ZT Data.xlsx"","
"0","                   sheet = ""Thoracic 6-7 Spinal Serotonin"","
"0","                    range =""U2:Y12"") -> Circadian_ThorSpinalSero_rLEN"
