{"chunk_definitions":[{"row":35,"row_count":1,"visible":true,"expansion_state":0,"options":{"engine":"r","label":"setup","include":false,"dev":"png"},"document_id":"07895745","chunk_id":"csetup_chunk","chunk_label":"setup"},{"row":47,"row_count":1,"visible":true,"expansion_state":0,"options":{},"document_id":"07895745","chunk_id":"cljz2ie0y5kus","chunk_label":"unnamed-chunk-1"},{"row":61,"row_count":1,"visible":true,"expansion_state":0,"options":{},"document_id":"07895745","chunk_id":"cmzbtcuiyp64f","chunk_label":"unnamed-chunk-2"},{"row":93,"row_count":1,"visible":true,"expansion_state":0,"options":{},"document_id":"07895745","chunk_id":"cfuu8v7q09hrq","chunk_label":"unnamed-chunk-3"},{"row":121,"row_count":1,"visible":true,"expansion_state":0,"options":{},"document_id":"07895745","chunk_id":"czqfllh7283zm","chunk_label":"unnamed-chunk-4"},{"row":131,"row_count":1,"visible":true,"expansion_state":0,"options":{},"document_id":"07895745","chunk_id":"c2jcbf3n9dnmo","chunk_label":"unnamed-chunk-5"},{"row":152,"row_count":1,"visible":true,"expansion_state":0,"options":{},"document_id":"07895745","chunk_id":"ckqoybnp22ut9","chunk_label":"unnamed-chunk-6"},{"row":173,"row_count":1,"visible":true,"expansion_state":0,"options":{},"document_id":"07895745","chunk_id":"c3efcuahn0ydm","chunk_label":"unnamed-chunk-7"},{"row":193,"row_count":1,"visible":true,"expansion_state":0,"options":{},"document_id":"07895745","chunk_id":"cw3hokjnbhnlf","chunk_label":"unnamed-chunk-8"},{"row":208,"row_count":1,"visible":true,"expansion_state":0,"options":{},"document_id":"07895745","chunk_id":"c8plwu2mpupnv","chunk_label":"unnamed-chunk-9"},{"row":227,"row_count":1,"visible":true,"expansion_state":0,"options":{},"document_id":"07895745","chunk_id":"cyhb3khelzrkg","chunk_label":"unnamed-chunk-10"},{"row":237,"row_count":1,"visible":true,"expansion_state":0,"options":{},"document_id":"07895745","chunk_id":"c2vpl1snsz6vn","chunk_label":"unnamed-chunk-11"},{"row":376,"row_count":1,"visible":true,"expansion_state":0,"options":{},"document_id":"07895745","chunk_id":"c9d00z486ewjh","chunk_label":"unnamed-chunk-12"}],"doc_write_time":1756223755,"working_dir":null,"default_chunk_options":{"echo":true}}