{"chunk_definitions":[{"row":32,"row_count":1,"visible":true,"expansion_state":0,"options":{"engine":"r","label":"setup","include":false,"dev":"png"},"document_id":"0B2230AB","chunk_id":"csetup_chunk","chunk_label":"setup"},{"row":45,"row_count":1,"visible":true,"expansion_state":0,"options":{},"document_id":"0B2230AB","chunk_id":"cwf1w14ts3tkm","chunk_label":"unnamed-chunk-1"},{"row":102,"row_count":1,"visible":true,"expansion_state":0,"options":{},"document_id":"0B2230AB","chunk_id":"cfzhggzj0ppy8","chunk_label":"unnamed-chunk-2"},{"row":135,"row_count":1,"visible":true,"expansion_state":0,"options":{},"document_id":"0B2230AB","chunk_id":"c22g9ufgfzcrg","chunk_label":"unnamed-chunk-3"},{"row":163,"row_count":1,"visible":true,"expansion_state":0,"options":{},"document_id":"0B2230AB","chunk_id":"cp3yyorlizuoc","chunk_label":"unnamed-chunk-4"},{"row":177,"row_count":1,"visible":true,"expansion_state":0,"options":{},"document_id":"0B2230AB","chunk_id":"c8m50yffre721","chunk_label":"unnamed-chunk-5"},{"row":198,"row_count":1,"visible":true,"expansion_state":0,"options":{},"document_id":"0B2230AB","chunk_id":"cf25b9fvgdh6s","chunk_label":"unnamed-chunk-6"},{"row":219,"row_count":1,"visible":true,"expansion_state":0,"options":{},"document_id":"0B2230AB","chunk_id":"c09nev2l83znd","chunk_label":"unnamed-chunk-7"},{"row":239,"row_count":1,"visible":true,"expansion_state":0,"options":{},"document_id":"0B2230AB","chunk_id":"cnnm7fovs8kqo","chunk_label":"unnamed-chunk-8"},{"row":254,"row_count":1,"visible":true,"expansion_state":0,"options":{},"document_id":"0B2230AB","chunk_id":"cs7z3lqauk3ep","chunk_label":"unnamed-chunk-9"},{"row":273,"row_count":1,"visible":true,"expansion_state":0,"options":{},"document_id":"0B2230AB","chunk_id":"ch9ctlwyqggby","chunk_label":"unnamed-chunk-10"},{"row":282,"row_count":1,"visible":true,"expansion_state":0,"options":{},"document_id":"0B2230AB","chunk_id":"cior2jsuofg2r","chunk_label":"unnamed-chunk-11"},{"row":421,"row_count":1,"visible":true,"expansion_state":0,"options":{},"document_id":"0B2230AB","chunk_id":"c705wnb210e5k","chunk_label":"unnamed-chunk-12"}],"doc_write_time":1756227219,"working_dir":null,"default_chunk_options":{"echo":true}}