"0","# Data Conversion to get Individual Points for rLEN Clock CLOCK "
"0","# Rat Model X value is Zeitgeber time, Y value is # of Fold Changes"
"0",""
"0","# Loads Initial Dataset for rLEN Clock CLOCK Rats and Removes Outliers"
"0","#outlier_detection(Circadian_Clock_CLOCK_rLEN) -> out_res_rLENCCLOCK"
"0","#filter_outliers(Circadian_Clock_CLOCK_rLEN, "
"0","#                out_res_rLENCCLOCK) ->  rLEN_Circadian_Clock_CLOCK_Filter"
"0",""
"0","# Performs Data Carpentry on Filtered LD TNFa Dataset and Removes 'NA's"
"0","rLEN_Circadian_Clock_CLOCK_Filter %>%"
"0","  pivot_longer(cols = c(`0`,`6`,`12`, `18`, `24`), names_to = ""ZT"", "
"0","               values_to = ""Fold_Changes"") %>%"
"0","  drop_na(`Fold_Changes`) %>%"
"0","  mutate(ZT = as.numeric(ZT)) %>%"
"0","  arrange(ZT) -> rLEN_Circadian_Clock_CLOCK_Filter"
"0","rLEN_Circadian_Clock_CLOCK_Filter %>%"
"0","  # Filter out ZT of 24"
"0","  filter(ZT != 24)  -> rLEN_Circadian_Clock_CLOCK_data"
"0",""
"0","# Creating Cosinor Model for LD TNFa Rat Plots"
"0","cosinor.lm(`Fold_Changes` ~ time(ZT), period = 24,"
"0","           data = rLEN_Circadian_Clock_CLOCK_Filter) -> cosMod_rLEN_CCLOCK"
"0","# Creating Cosinor Model for LD TNFa Rat Plot Data Analysis"
"0","cosinor.lm(`Fold_Changes` ~ time(ZT), period = 24,"
"0","           data = rLEN_Circadian_Clock_CLOCK_data) -> cosMod_rLEN_CCLOCK_data"
