"0","# Data Conversion to get Individual Points for LD Medullary IL-12 "
"0","# Rat Model"
"0","## X value is Zeitgeber time, Y value is Concentration in mg of Drug/Content"
"0",""
"0","# Loads Initial Dataset for LD Medullary IL-12 Rats and "
"0","# Removes Outliers"
"0","#outlier_detection(Circadian_Med_IL12_LD) -> out_res_LDMIL12"
"0","#filter_outliers(Circadian_Med_IL12_LD, "
"0","#                out_res_LDMIL12) ->  LD_Circadian_Med_IL12_Filter"
"0",""
"0","# Performs Data Carpentry on Filtered LD IL12 Dataset and Removes 'NA's,"
"0","## filters out ZT of 24"
"0","LD_Circadian_Med_IL12_Filter %>%"
"0","  pivot_longer(cols = c(`0`,`6`,`12`, `18`, `24`), names_to = ""ZT"", "
"0","               values_to = ""Concentration(mg)"") %>%"
"0","  drop_na(`Concentration(mg)`) %>%"
"0","  mutate(ZT = as.numeric(ZT)) %>%"
"0","  arrange(ZT) -> LD_Circadian_Med_IL12_Filter"
"0","LD_Circadian_Med_IL12_Filter %>%"
"0","  # Filter out ZT of 24"
"0","  filter(ZT != 24)  -> LD_Circadian_Med_IL12_data"
"0",""
"0","# Creating Cosinor Model for LD IL12 Rat Plots"
"0","cosinor.lm(`Concentration(mg)` ~ time(ZT), period = 24,"
"0","           data = LD_Circadian_Med_IL12_Filter) -> cosMod_LD_MIL12"
"0","# Creating Cosinor Model for LD IL12 Rat Data Analysis"
"0","cosinor.lm(`Concentration(mg)` ~ time(ZT), period = 24,"
"0","           data = LD_Circadian_Med_IL12_data) -> cosMod_LD_MIL12_data"
