"0","# Creating Individual Plots of Rat Datasets w/ Cosinor Fits"
"0","## Loads Function plot_cosinor Into Global Environment, Which Takes cosMod "
"0","## Model, Original Dataset, Plot Title and Desired x-breaks (currently set for"
"0","## Zetigeber Time, to see how to change to regular time see function notes) and"
"0","## Generates Plot of Original Data with Overlayed Cosinor Fit Model"
"0",""
"0","# Creating Plot for LD IFNy Rat Model"
"0","plot_cosinor(cosMod_LD_TIFNy, LD_Circadian_Thor_IFNy_Filter, "
"0","             ""LD Thoracic IFNy"", ""LD"","
"0","             x_breaks = seq(0, 24, by = 6)) -> mod_plot_LD_TIFNy"
"0",""
"0",""
"0","# Creating Plot for rLEN IFNy Rat Model"
"0","plot_cosinor(cosMod_rLEN_TIFNy, rLEN_Circadian_Thor_IFNy_Filter, "
"0","             ""rLEN Thoracic IFNy"", ""rLEN"","
"0","             x_breaks = seq(0, 24, by = 6)) -> mod_plot_rLEN_TIFNy"
