"0","# Creating Table of Data VOIs for LD Medullary IL-1b Rat Model"
"0","## Produces Table of Pertinent Values (Mesor, Amplitude, Acrophase, Bathyphase)"
"0","## and Converts Table into Graphical Object for Figure Creation"
"0","extract_cosinor(cosMod_LD_MIL1b_data, LD_Circadian_Med_IL1b_data,"
"0","                ""LD"") -> LD_extract_output"
"0","LD_MIL1b_Results_table <- LD_extract_output$results_table"
"0","LD_MIL1b_Results_grob <- LD_extract_output$results_grob"
"0",""
"0",""
"0","# Creating Table of Data VOIs for rLEN Medullary IL-1b Rat Model"
"0","## Produces Table of Pertinent Values (Mesor, Amplitude, Acrophase, Bathyphase)"
"0","## and Converts Table into Graphical Object for Figure Creation"
"0","extract_cosinor(cosMod_rLEN_MIL1b_data, rLEN_Circadian_Med_IL1b_data,"
"0","                ""rLEN"") -> rLEN_extract_output"
"0","rLEN_MIL1b_Results_table <- rLEN_extract_output$results_table"
"0","rLEN_MIL1b_Results_grob <- rLEN_extract_output$results_grob"
