"0","# Reading Spinal Adenosine Administered Rats for LD"
"0","readxl::read_excel(path =""../Circadian Disruption ZT Data.xlsx"","
"0","                   sheet = ""Cervical 3-5 Spinal Adenosine"","
"0","                    range =""N2:R8"") -> Circadian_CervSpinalAden_LD"
"0",""
"0","# Reading Spinal Adenosine Administered Rats for rLEN"
"0","readxl::read_excel(path =""../Circadian Disruption ZT Data.xlsx"","
"0","                   sheet = ""Cervical 3-5 Spinal Adenosine"","
"0","                    range =""U2:Y7"") -> Circadian_CervSpinalAden_rLEN"
