"0","# Creating Individual Plots of Rat Datasets w/ Cosinor Fits"
"0","## Loads Function plot_cosinor_clock Into Global Environment, Which Takes cosMod "
"0","## Model, Original Dataset, Plot Title and Desired x-breaks (currently set for"
"0","## Zetigeber Time, to see how to change to regular time see function notes) and"
"0","## Generates Plot of Original Data with Overlayed Cosinor Fit Model"
"0",""
"0","# Creating Plot for LD TNFa Rat Model"
"0","plot_cosinor_clock(cosMod_LD_CBmal1, LD_Circadian_Clock_Bmal1_Filter, "
"0","             ""LD Clock Bmal1"", ""LD"","
"0","             x_breaks = seq(0, 24, by = 6)) -> mod_plot_LD_CBmal1"
"0",""
"0",""
"0","# Creating Plot for rLEN TNFa Rat Model"
"0","plot_cosinor_clock(cosMod_rLEN_CBmal1, rLEN_Circadian_Clock_Bmal1_Filter, "
"0","             ""rLEN Clock Bmal1"", ""rLEN"","
"0","             x_breaks = seq(0, 24, by = 6)) -> mod_plot_rLEN_CBmal1"
