"0","# Reading Clock Per1 Administered Rats"
"0","readxl::read_excel(path =""../SCN PCR Data Summary.xlsx"","
"0","                   sheet = ""Per1"","
"0","                    range =""A1:M40"") ->  Circadian_Clock_Per1"
"0",""
"0","Circadian_Clock_Per1 %>%"
"0","  select(`Animal ID`,`Time point`, `Group`, `Normalized fold change`) %>%"
"0","  rename(""ID"" = `Animal ID`, ""Time"" = `Time point`,"
"0","        ""Change"" = `Normalized fold change`)-> Circadian_Clock_Per1"
"0",""
"0",""
"0","# Check if 'Normalized fold change' is character and needs parsing"
"0","if (is.character(Circadian_Clock_Per1$Change)) {"
"0","  Circadian_Clock_Per1 <- Circadian_Clock_Per1 %>%"
"0","    mutate(Change = parse_number(Change))"
"0","}"
"0",""
"0","# Separating LD data and pivoting"
"0","Circadian_Clock_Per1_LD <- Circadian_Clock_Per1 %>%"
"0","  filter(grepl(""LD"", Group)) %>%"
"0","  mutate("
"0","    Time = recode(Time,"
"0","    ""ZT0"" = ""0"", ""ZT6"" = ""6"", ""ZT12"" = ""12"", ""ZT18"" = ""18"", ""ZT24"" = ""24"")"
"0","  ) %>%"
"0","  pivot_wider("
"0","    id_cols = ID,"
"0","    names_from = Time,"
"0","    values_from = Change) %>%"
"0","  select(-c(ID))"
"0","if (!""24"" %in% colnames(Circadian_Clock_Per1_LD)) {"
"0","  LD_Circadian_Clock_Per1_Filter <- Circadian_Clock_Per1_LD %>%"
"0","    mutate(`24` = `0`)}"
"0",""
"0","# Separating rLEN data and pivoting    "
"0","Circadian_Clock_Per1_rLEN <- Circadian_Clock_Per1 %>%"
"0","  filter(grepl(""rLEN"", Group)) %>%"
"0","  mutate("
"0","    Time = recode(Time,"
"0","    ""ZT0"" = ""0"", ""ZT6"" = ""6"", ""ZT12"" = ""12"", ""ZT18"" = ""18"", ""ZT24"" = ""24"")"
"0","  ) %>%"
"0","  pivot_wider("
"0","    id_cols = ID,"
"0","    names_from = Time,"
"0","    values_from = Change)%>%"
"0","  select(-c(ID))"
"0","if (!""24"" %in% colnames(Circadian_Clock_Per1_rLEN)) {"
"0","  rLEN_Circadian_Clock_Per1_Filter <- Circadian_Clock_Per1_rLEN %>%"
"0","    mutate(`24` = `0`)}"
"0","  "
