"0","# Reading Thoracic IFNy Administered Rats for LD"
"0","readxl::read_excel(path =""../Summary Multiplex Data.xlsx"","
"0","                   sheet = ""Thoracic"","
"0","                    range =""N65:R71"") -> LD_Circadian_Thor_IFNy_Filter"
"0",""
"0","# Reading Thoracic IFNy Administered Rats for rLEN"
"0","readxl::read_excel(path =""../Summary Multiplex Data.xlsx"","
"0","                   sheet = ""Thoracic"","
"0","                    range =""U65:Y71"") -> rLEN_Circadian_Thor_IFNy_Filter"
