"0","# Creating Individual Plots of Rat Datasets w/ Cosinor Fits"
"0","## Loads Function plot_cosinor Into Global Environment, Which Takes cosMod "
"0","## Model, Original Dataset, Plot Title and Desired x-breaks (currently set for"
"0","## Zetigeber Time, to see how to change to regular time see function notes) and"
"0","## Generates Plot of Original Data with Overlayed Cosinor Fit Model"
"0",""
"0","# Creating Plot for LD CS Rat Model"
"0","plot_cosinor(cosMod_LD_MS, LD_Circadian_MelaSerum_Filter, "
"0","             ""LD Serum Melatonin"", ""LD"","
"0","             x_breaks = seq(0, 24, by = 6)) -> mod_plot_LD_MS"
"0",""
"0",""
"0","# Creating Plot for rLEN CS Rat Model"
"0","plot_cosinor(cosMod_rLEN_MS, rLEN_Circadian_MelaSerum_Filter, "
"0","             ""rLEN Serum Melatonin"", ""rLEN"","
"0","             x_breaks = seq(0, 24, by = 6)) -> mod_plot_rLEN_MS"
