{"chunk_definitions":[{"row":35,"row_count":1,"visible":true,"expansion_state":0,"options":{"engine":"r","label":"setup","include":false,"dev":"png"},"document_id":"F213C1DD","chunk_id":"csetup_chunk","chunk_label":"setup"},{"row":47,"row_count":1,"visible":true,"expansion_state":0,"options":{},"document_id":"F213C1DD","chunk_id":"cewf0ivnchy51","chunk_label":"unnamed-chunk-1"},{"row":64,"row_count":1,"visible":true,"expansion_state":0,"options":{},"document_id":"F213C1DD","chunk_id":"c911e124ltpy7","chunk_label":"unnamed-chunk-2"},{"row":97,"row_count":1,"visible":true,"expansion_state":0,"options":{},"document_id":"F213C1DD","chunk_id":"c4rollq4003hm","chunk_label":"unnamed-chunk-3"},{"row":126,"row_count":1,"visible":true,"expansion_state":0,"options":{},"document_id":"F213C1DD","chunk_id":"cqtlxew5ile4y","chunk_label":"unnamed-chunk-4"},{"row":136,"row_count":1,"visible":true,"expansion_state":0,"options":{},"document_id":"F213C1DD","chunk_id":"cihe1mslne6iq","chunk_label":"unnamed-chunk-5"},{"row":157,"row_count":1,"visible":true,"expansion_state":0,"options":{},"document_id":"F213C1DD","chunk_id":"cz19uss4msq5o","chunk_label":"unnamed-chunk-6"},{"row":178,"row_count":1,"visible":true,"expansion_state":0,"options":{},"document_id":"F213C1DD","chunk_id":"cj552mv7peepx","chunk_label":"unnamed-chunk-7"},{"row":198,"row_count":1,"visible":true,"expansion_state":0,"options":{},"document_id":"F213C1DD","chunk_id":"cvq130yzzp0xa","chunk_label":"unnamed-chunk-8"},{"row":213,"row_count":1,"visible":true,"expansion_state":0,"options":{},"document_id":"F213C1DD","chunk_id":"cw5byyilqepyk","chunk_label":"unnamed-chunk-9"},{"row":232,"row_count":1,"visible":true,"expansion_state":0,"options":{},"document_id":"F213C1DD","chunk_id":"cos6muwc9d2sv","chunk_label":"unnamed-chunk-10"},{"row":242,"row_count":1,"visible":true,"expansion_state":0,"options":{},"document_id":"F213C1DD","chunk_id":"cwgxvvzldsp2x","chunk_label":"unnamed-chunk-11"},{"row":381,"row_count":1,"visible":true,"expansion_state":0,"options":{},"document_id":"F213C1DD","chunk_id":"cbf6wojc7pi0u","chunk_label":"unnamed-chunk-12"}],"doc_write_time":1756224123,"working_dir":null,"default_chunk_options":{"echo":true}}