"0","# Reading Medullary TNFa Administered Rats for LD"
"0","readxl::read_excel(path =""../Summary Multiplex Data.xlsx"","
"0","                   sheet = ""Medulla"","
"0","                    range =""N74:R80"") -> LD_Circadian_Med_TNFa_Filter"
"0",""
"0","# Reading Medullary TNFa Administered Rats for rLEN"
"0","readxl::read_excel(path =""../Summary Multiplex Data.xlsx"","
"0","                   sheet = ""Medulla"","
"0","                    range =""U74:Y80"") -> rLEN_Circadian_Med_TNFa_Filter"
