"0","# Zero-Amplitude Analysis of Cosinor Fit"
"0","## Creating Table of Zero Amplitude VOIs for LD Clock Per1 Rat Model"
"0",""
"0","# Produces Table of Pertinent Values (df1, df2, f-value, p-value) and Converts "
"0","# Table into Graphical Object for Figure Creation"
"0","zero_amp(cosMod_LD_CPer1_data, ""LD"") -> LD_zero_output"
"0","LD_CPer1_amp_test_Results <- LD_zero_output$results_table"
"0","LD_CPer1_amp_test_grob <- LD_zero_output$results_grob"
"0",""
"0",""
"0","# Produces Table of Pertinent Values (df1, df2, f-value, p-value) and Converts "
"0","# Table into Graphical Object for Figure Creation"
"0","zero_amp(cosMod_rLEN_CPer1_data, ""rLEN"") -> rLEN_zero_output"
"0","rLEN_CPer1_amp_test_Results <- rLEN_zero_output$results_table"
"0","rLEN_CPer1_amp_test_grob <- rLEN_zero_output$results_grob"
