"0","# Creating Table of Data VOIs for LD Clock CLOCK Rat Model"
"0","## Produces Table of Pertinent Values (Mesor, Amplitude, Acrophase, Bathyphase)"
"0","## and Converts Table into Graphical Object for Figure Creation"
"0","extract_cosinor_clock(cosMod_LD_CCLOCK_data, LD_Circadian_Clock_CLOCK_data,"
"0","                ""LD"") -> LD_extract_output"
"0","LD_CCLOCK_Results_table <- LD_extract_output$results_table"
"0","LD_CCLOCK_Results_grob <- LD_extract_output$results_grob"
"0",""
"0",""
"0","# Creating Table of Data VOIs for rLEN Clock CLOCK Rat Model"
"0","## Produces Table of Pertinent Values (Mesor, Amplitude, Acrophase, Bathyphase)"
"0","## and Converts Table into Graphical Object for Figure Creation"
"0","extract_cosinor_clock(cosMod_rLEN_CCLOCK_data, rLEN_Circadian_Clock_CLOCK_data,"
"0","                ""rLEN"") -> rLEN_extract_output"
"0","rLEN_CCLOCK_Results_table <- rLEN_extract_output$results_table"
"0","rLEN_CCLOCK_Results_grob <- rLEN_extract_output$results_grob"
