"0","# Reading Cervical IL-12 Administered Rats for LD"
"0","readxl::read_excel(path =""../Summary Multiplex Data.xlsx"","
"0","                   sheet = ""Cervical"","
"0","                    range =""N56:R61"") -> LD_Circadian_Cerv_IL12_Filter"
"0",""
"0","# Reading Cervical IL-12 Administered Rats for rLEN"
"0","readxl::read_excel(path =""../Summary Multiplex Data.xlsx"","
"0","                   sheet = ""Cervical"","
"0","                    range =""U56:Y61"") -> rLEN_Circadian_Cerv_IL12_Filter"
