{"chunk_definitions":[{"row":35,"row_count":1,"visible":true,"expansion_state":0,"options":{"engine":"r","label":"setup","include":false,"dev":"png"},"document_id":"B170ACD8","chunk_id":"csetup_chunk","chunk_label":"setup"},{"row":47,"row_count":1,"visible":true,"expansion_state":0,"options":{},"document_id":"B170ACD8","chunk_id":"ctu17c2jqn1nk","chunk_label":"unnamed-chunk-1"},{"row":64,"row_count":1,"visible":true,"expansion_state":0,"options":{},"document_id":"B170ACD8","chunk_id":"cr5x2slhtknaj","chunk_label":"unnamed-chunk-2"},{"row":97,"row_count":1,"visible":true,"expansion_state":0,"options":{},"document_id":"B170ACD8","chunk_id":"c78muux918b5k","chunk_label":"unnamed-chunk-3"},{"row":126,"row_count":1,"visible":true,"expansion_state":0,"options":{},"document_id":"B170ACD8","chunk_id":"cdo1u9vtysdy0","chunk_label":"unnamed-chunk-4"},{"row":136,"row_count":1,"visible":true,"expansion_state":0,"options":{},"document_id":"B170ACD8","chunk_id":"cgsa87a3ycalz","chunk_label":"unnamed-chunk-5"},{"row":157,"row_count":1,"visible":true,"expansion_state":0,"options":{},"document_id":"B170ACD8","chunk_id":"ctjrmjqj42r0o","chunk_label":"unnamed-chunk-6"},{"row":178,"row_count":1,"visible":true,"expansion_state":0,"options":{},"document_id":"B170ACD8","chunk_id":"cnuh0fms3su8o","chunk_label":"unnamed-chunk-7"},{"row":198,"row_count":1,"visible":true,"expansion_state":0,"options":{},"document_id":"B170ACD8","chunk_id":"c0chcjlp7t82q","chunk_label":"unnamed-chunk-8"},{"row":213,"row_count":1,"visible":true,"expansion_state":0,"options":{},"document_id":"B170ACD8","chunk_id":"cso7fsa0t84k1","chunk_label":"unnamed-chunk-9"},{"row":232,"row_count":1,"visible":true,"expansion_state":0,"options":{},"document_id":"B170ACD8","chunk_id":"c4m6inf2alzki","chunk_label":"unnamed-chunk-10"},{"row":242,"row_count":1,"visible":true,"expansion_state":0,"options":{},"document_id":"B170ACD8","chunk_id":"ciwyjcpmzdrj5","chunk_label":"unnamed-chunk-11"},{"row":381,"row_count":1,"visible":true,"expansion_state":0,"options":{},"document_id":"B170ACD8","chunk_id":"ceqeuzi6dh9oh","chunk_label":"unnamed-chunk-12"}],"doc_write_time":1756222693,"working_dir":null,"default_chunk_options":{"echo":true}}