"0","# Reading Cervical IFNy Administered Rats for LD"
"0","readxl::read_excel(path =""../Summary Multiplex Data.xlsx"","
"0","                   sheet = ""Cervical"","
"0","                    range =""N65:R70"") -> LD_Circadian_Cerv_IFNy_Filter"
"0",""
"0","# Reading Cervical IFNy Administered Rats for rLEN"
"0","readxl::read_excel(path =""../Summary Multiplex Data.xlsx"","
"0","                   sheet = ""Cervical"","
"0","                    range =""U65:Y70"") -> rLEN_Circadian_Cerv_IFNy_Filter"
