{"chunk_definitions":[{"row":35,"row_count":1,"visible":true,"expansion_state":0,"options":{"engine":"r","label":"setup","include":false,"dev":"png"},"document_id":"520FE798","chunk_id":"csetup_chunk","chunk_label":"setup"},{"row":47,"row_count":1,"visible":true,"expansion_state":0,"options":{},"document_id":"520FE798","chunk_id":"c7r1nayrt321h","chunk_label":"unnamed-chunk-1"},{"row":64,"row_count":1,"visible":true,"expansion_state":0,"options":{},"document_id":"520FE798","chunk_id":"c238uvmnsmheg","chunk_label":"unnamed-chunk-2"},{"row":97,"row_count":1,"visible":true,"expansion_state":0,"options":{},"document_id":"520FE798","chunk_id":"c3t6jq3mtg70r","chunk_label":"unnamed-chunk-3"},{"row":126,"row_count":1,"visible":true,"expansion_state":0,"options":{},"document_id":"520FE798","chunk_id":"civ7nrcs1trlv","chunk_label":"unnamed-chunk-4"},{"row":136,"row_count":1,"visible":true,"expansion_state":0,"options":{},"document_id":"520FE798","chunk_id":"cc86qdq4okq77","chunk_label":"unnamed-chunk-5"},{"row":157,"row_count":1,"visible":true,"expansion_state":0,"options":{},"document_id":"520FE798","chunk_id":"cq0xaqdkz7p0z","chunk_label":"unnamed-chunk-6"},{"row":178,"row_count":1,"visible":true,"expansion_state":0,"options":{},"document_id":"520FE798","chunk_id":"ciwg6vxrxg5qg","chunk_label":"unnamed-chunk-7"},{"row":198,"row_count":1,"visible":true,"expansion_state":0,"options":{},"document_id":"520FE798","chunk_id":"c2n6f3x34ldi2","chunk_label":"unnamed-chunk-8"},{"row":213,"row_count":1,"visible":true,"expansion_state":0,"options":{},"document_id":"520FE798","chunk_id":"c4anel6h5xvbv","chunk_label":"unnamed-chunk-9"},{"row":232,"row_count":1,"visible":true,"expansion_state":0,"options":{},"document_id":"520FE798","chunk_id":"chim0e7u1mrnk","chunk_label":"unnamed-chunk-10"},{"row":240,"row_count":1,"visible":true,"expansion_state":0,"options":{},"document_id":"520FE798","chunk_id":"cseinu2a9cbm4","chunk_label":"unnamed-chunk-11"},{"row":379,"row_count":1,"visible":true,"expansion_state":0,"options":{},"document_id":"520FE798","chunk_id":"c4n8izjwqqn32","chunk_label":"unnamed-chunk-12"}],"doc_write_time":1756220341,"working_dir":null,"default_chunk_options":{"echo":true}}