"0","# Reading Serum Melatonin Administered Rats for LD"
"0","readxl::read_excel(path =""../Circadian Disruption ZT Data.xlsx"","
"0","                   sheet = ""Serum Melatonin"","
"0","                    range =""N2:R11"") -> Circadian_MelaSerum_LD"
"0",""
"0","# Reading Serum Melatonin Administered Rats for rLEN"
"0","readxl::read_excel(path =""../Circadian Disruption ZT Data.xlsx"","
"0","                   sheet = ""Serum Melatonin"","
"0","                    range =""U2:Y12"") -> Circadian_MelaSerum_rLEN"
