{"chunk_definitions":[{"row":35,"row_count":1,"visible":true,"expansion_state":0,"options":{"engine":"r","label":"setup","include":false,"dev":"png"},"document_id":"73EA9B22","chunk_id":"csetup_chunk","chunk_label":"setup"},{"row":47,"row_count":1,"visible":true,"expansion_state":0,"options":{"engine":"r","label":"unnamed-chunk-1","dev":"png"},"document_id":"73EA9B22","chunk_id":"ch3bet4nfawjo","chunk_label":"unnamed-chunk-1"},{"row":64,"row_count":1,"visible":true,"expansion_state":0,"options":{"engine":"r","label":"unnamed-chunk-2","dev":"png"},"document_id":"73EA9B22","chunk_id":"cqdoetmb14hbp","chunk_label":"unnamed-chunk-2"},{"row":97,"row_count":1,"visible":true,"expansion_state":0,"options":{"engine":"r","label":"unnamed-chunk-3","dev":"png"},"document_id":"73EA9B22","chunk_id":"cbw1z7e8fuqwb","chunk_label":"unnamed-chunk-3"},{"row":126,"row_count":1,"visible":true,"expansion_state":0,"options":{"engine":"r","label":"unnamed-chunk-4","dev":"png"},"document_id":"73EA9B22","chunk_id":"cfq2fculxptap","chunk_label":"unnamed-chunk-4"},{"row":136,"row_count":1,"visible":true,"expansion_state":0,"options":{"engine":"r","label":"unnamed-chunk-5","dev":"png"},"document_id":"73EA9B22","chunk_id":"c7bsz0yq19nq5","chunk_label":"unnamed-chunk-5"},{"row":157,"row_count":1,"visible":true,"expansion_state":0,"options":{"engine":"r","label":"unnamed-chunk-6","dev":"png"},"document_id":"73EA9B22","chunk_id":"cs0vbuiikcaco","chunk_label":"unnamed-chunk-6"},{"row":178,"row_count":1,"visible":true,"expansion_state":0,"options":{"engine":"r","label":"unnamed-chunk-7","dev":"png"},"document_id":"73EA9B22","chunk_id":"c58b5ro8wh452","chunk_label":"unnamed-chunk-7"},{"row":198,"row_count":1,"visible":true,"expansion_state":0,"options":{"engine":"r","label":"unnamed-chunk-8","dev":"png"},"document_id":"73EA9B22","chunk_id":"c1n34stwqyuny","chunk_label":"unnamed-chunk-8"},{"row":213,"row_count":1,"visible":true,"expansion_state":0,"options":{"engine":"r","fig.width":15,"label":"unnamed-chunk-9","dev":"png"},"document_id":"73EA9B22","chunk_id":"c1be2v4xka026","chunk_label":"unnamed-chunk-9"},{"row":232,"row_count":1,"visible":true,"expansion_state":0,"options":{"engine":"r","label":"unnamed-chunk-10","dev":"png"},"document_id":"73EA9B22","chunk_id":"c5avcht3yqfoz","chunk_label":"unnamed-chunk-10"},{"row":240,"row_count":1,"visible":true,"expansion_state":0,"options":{"engine":"r","label":"unnamed-chunk-11","dev":"png"},"document_id":"73EA9B22","chunk_id":"cm05ckmu91ksh","chunk_label":"unnamed-chunk-11"},{"row":379,"row_count":1,"visible":true,"expansion_state":0,"options":{"engine":"r","label":"unnamed-chunk-13","dev":"png"},"document_id":"73EA9B22","chunk_id":"cc31wgrm8uc4z","chunk_label":"unnamed-chunk-12"}],"doc_write_time":1756218247,"working_dir":null,"default_chunk_options":{"echo":true}}