"0","# Reading Medullary IL-4 Administered Rats for LD"
"0","readxl::read_excel(path =""../Summary Multiplex Data.xlsx"","
"0","                   sheet = ""Medulla"","
"0","                    range =""N29:R35"") -> LD_Circadian_Med_IL4_Filter"
"0",""
"0","# Reading Medullary IL-4 Administered Rats for rLEN"
"0","readxl::read_excel(path =""../Summary Multiplex Data.xlsx"","
"0","                   sheet = ""Medulla"","
"0","                    range =""U29:Y35"") -> rLEN_Circadian_Med_IL4_Filter"
