{"chunk_definitions":[{"row":35,"row_count":1,"visible":true,"expansion_state":0,"options":{"engine":"r","label":"setup","include":false,"dev":"png"},"document_id":"A331A8A4","chunk_id":"csetup_chunk","chunk_label":"setup"},{"row":47,"row_count":1,"visible":true,"expansion_state":0,"options":{},"document_id":"A331A8A4","chunk_id":"c6gj86pkd56lq","chunk_label":"unnamed-chunk-1"},{"row":64,"row_count":1,"visible":true,"expansion_state":0,"options":{},"document_id":"A331A8A4","chunk_id":"ctyhaw6n0f24n","chunk_label":"unnamed-chunk-2"},{"row":97,"row_count":1,"visible":true,"expansion_state":0,"options":{},"document_id":"A331A8A4","chunk_id":"c3qqujgbceov1","chunk_label":"unnamed-chunk-3"},{"row":126,"row_count":1,"visible":true,"expansion_state":0,"options":{},"document_id":"A331A8A4","chunk_id":"crtfjyqzepscr","chunk_label":"unnamed-chunk-4"},{"row":136,"row_count":1,"visible":true,"expansion_state":0,"options":{},"document_id":"A331A8A4","chunk_id":"c3h73nc2wo9oy","chunk_label":"unnamed-chunk-5"},{"row":157,"row_count":1,"visible":true,"expansion_state":0,"options":{},"document_id":"A331A8A4","chunk_id":"cbacoa8sp0aao","chunk_label":"unnamed-chunk-6"},{"row":178,"row_count":1,"visible":true,"expansion_state":0,"options":{},"document_id":"A331A8A4","chunk_id":"ckf401g7ynv3p","chunk_label":"unnamed-chunk-7"},{"row":198,"row_count":1,"visible":true,"expansion_state":0,"options":{},"document_id":"A331A8A4","chunk_id":"cfw25uee3w482","chunk_label":"unnamed-chunk-8"},{"row":213,"row_count":1,"visible":true,"expansion_state":0,"options":{},"document_id":"A331A8A4","chunk_id":"cf593fkonltno","chunk_label":"unnamed-chunk-9"},{"row":232,"row_count":1,"visible":true,"expansion_state":0,"options":{},"document_id":"A331A8A4","chunk_id":"ctmsna38f6nu9","chunk_label":"unnamed-chunk-10"},{"row":242,"row_count":1,"visible":true,"expansion_state":0,"options":{},"document_id":"A331A8A4","chunk_id":"cmf0j4z64mvb8","chunk_label":"unnamed-chunk-11"},{"row":381,"row_count":1,"visible":true,"expansion_state":0,"options":{},"document_id":"A331A8A4","chunk_id":"cakc439tviy3t","chunk_label":"unnamed-chunk-12"}],"doc_write_time":1756226332,"working_dir":null,"default_chunk_options":{"echo":true}}