{"chunk_definitions":[{"row":35,"row_count":1,"visible":true,"expansion_state":0,"options":{"engine":"r","label":"setup","include":false,"dev":"png"},"document_id":"0E78B702","chunk_id":"csetup_chunk","chunk_label":"setup"},{"row":47,"row_count":1,"visible":true,"expansion_state":0,"options":{},"document_id":"0E78B702","chunk_id":"cmocg0rl5g6x4","chunk_label":"unnamed-chunk-1"},{"row":61,"row_count":1,"visible":true,"expansion_state":0,"options":{},"document_id":"0E78B702","chunk_id":"cicq4svncbxto","chunk_label":"unnamed-chunk-2"},{"row":93,"row_count":1,"visible":true,"expansion_state":0,"options":{},"document_id":"0E78B702","chunk_id":"c77h7g1ydds5s","chunk_label":"unnamed-chunk-3"},{"row":122,"row_count":1,"visible":true,"expansion_state":0,"options":{},"document_id":"0E78B702","chunk_id":"ccrn0lqv98a0c","chunk_label":"unnamed-chunk-4"},{"row":132,"row_count":1,"visible":true,"expansion_state":0,"options":{},"document_id":"0E78B702","chunk_id":"ci35h3pmf2t8t","chunk_label":"unnamed-chunk-5"},{"row":153,"row_count":1,"visible":true,"expansion_state":0,"options":{},"document_id":"0E78B702","chunk_id":"c1y550k0q96qn","chunk_label":"unnamed-chunk-6"},{"row":174,"row_count":1,"visible":true,"expansion_state":0,"options":{},"document_id":"0E78B702","chunk_id":"ch92ev4o0jf2e","chunk_label":"unnamed-chunk-7"},{"row":194,"row_count":1,"visible":true,"expansion_state":0,"options":{},"document_id":"0E78B702","chunk_id":"cv24gnu5g5791","chunk_label":"unnamed-chunk-8"},{"row":209,"row_count":1,"visible":true,"expansion_state":0,"options":{},"document_id":"0E78B702","chunk_id":"cflt3o01lue5c","chunk_label":"unnamed-chunk-9"},{"row":228,"row_count":1,"visible":true,"expansion_state":0,"options":{},"document_id":"0E78B702","chunk_id":"c21njypcjfvhc","chunk_label":"unnamed-chunk-10"},{"row":238,"row_count":1,"visible":true,"expansion_state":0,"options":{},"document_id":"0E78B702","chunk_id":"cma75ym9jahjd","chunk_label":"unnamed-chunk-11"},{"row":377,"row_count":1,"visible":true,"expansion_state":0,"options":{},"document_id":"0E78B702","chunk_id":"ciskio1j0upsw","chunk_label":"unnamed-chunk-12"}],"doc_write_time":1756220906,"working_dir":null,"default_chunk_options":{"echo":true}}