"0","# Reading Thoracic IL-2 Administered Rats for LD"
"0","readxl::read_excel(path =""../Summary Multiplex Data.xlsx"","
"0","                   sheet = ""Thoracic"","
"0","                    range =""N20:R26"") -> LD_Circadian_Thor_IL2_Filter"
"0",""
"0","# Reading Thoracic IL-2 Administered Rats for rLEN"
"0","readxl::read_excel(path =""../Summary Multiplex Data.xlsx"","
"0","                   sheet = ""Thoracic"","
"0","                    range =""U20:Y26"") -> rLEN_Circadian_Thor_IL2_Filter"
