"0","# Data Conversion to get Individual Points for LD Clock Per1 "
"0","# Rat Model"
"0","## X value is Zeitgeber time, Y value is # of Fold Changes"
"0",""
"0","# Loads Initial Dataset for LD Clock Per1 Rats and "
"0","# Removes Outliers"
"0","#outlier_detection(Circadian_Clock_Per1_LD) -> out_res_LDCPer1"
"0","#filter_outliers(Circadian_Clock_Per1_LD, "
"0","#                out_res_LDCPer1) ->  LD_Circadian_Clock_Per1_Filter"
"0",""
"0","# Performs Data Carpentry on Filtered LD TNFa Dataset and Removes 'NA's,"
"0","## filters out ZT of 24"
"0","LD_Circadian_Clock_Per1_Filter %>%"
"0","  pivot_longer(cols = c(`0`,`6`,`12`, `18`, `24`), names_to = ""ZT"", "
"0","               values_to = ""Fold_Changes"") %>%"
"0","  drop_na(`Fold_Changes`) %>%"
"0","  mutate(ZT = as.numeric(ZT)) %>%"
"0","  arrange(ZT) -> LD_Circadian_Clock_Per1_Filter"
"0","LD_Circadian_Clock_Per1_Filter %>%"
"0","  # Filter out ZT of 24"
"0","  filter(ZT != 24)  -> LD_Circadian_Clock_Per1_data"
"0",""
"0","# Creating Cosinor Model for LD TNFa Rat Plots"
"0","cosinor.lm(`Fold_Changes` ~ time(ZT), period = 24,"
"0","           data = LD_Circadian_Clock_Per1_Filter) -> cosMod_LD_CPer1"
"0","# Creating Cosinor Model for LD TNFa Rat Data Analysis"
"0","cosinor.lm(`Fold_Changes` ~ time(ZT), period = 24,"
"0","           data = LD_Circadian_Clock_Per1_data) -> cosMod_LD_CPer1_data"
