"0","# Reading Medullary Serotonin Administered Rats for LD"
"0","readxl::read_excel(path =""../Circadian Disruption ZT Data.xlsx"","
"0","                   sheet = ""Medullary Serotonin"","
"0","                    range =""N2:R8"") -> Circadian_MedSero_LD"
"0",""
"0","# Reading Medullary Serotonin Administered Rats for rLEN"
"0","readxl::read_excel(path =""../Circadian Disruption ZT Data.xlsx"","
"0","                   sheet = ""Medullary Serotonin"","
"0","                    range =""U2:Y7"") -> Circadian_MedSero_rLEN"
