{"chunk_definitions":[{"row":35,"row_count":1,"visible":true,"expansion_state":0,"options":{"engine":"r","label":"setup","include":false,"dev":"png"},"document_id":"BC768ABC","chunk_id":"csetup_chunk","chunk_label":"setup"},{"row":47,"row_count":1,"visible":true,"expansion_state":0,"options":{},"document_id":"BC768ABC","chunk_id":"cnrk2zis6iakh","chunk_label":"unnamed-chunk-1"},{"row":63,"row_count":1,"visible":true,"expansion_state":0,"options":{},"document_id":"BC768ABC","chunk_id":"c9lbiwf9ycka8","chunk_label":"unnamed-chunk-2"},{"row":94,"row_count":1,"visible":true,"expansion_state":0,"options":{},"document_id":"BC768ABC","chunk_id":"c7zr4jbn95ml8","chunk_label":"unnamed-chunk-3"},{"row":123,"row_count":1,"visible":true,"expansion_state":0,"options":{},"document_id":"BC768ABC","chunk_id":"c3rspvbncard7","chunk_label":"unnamed-chunk-4"},{"row":133,"row_count":1,"visible":true,"expansion_state":0,"options":{},"document_id":"BC768ABC","chunk_id":"cyaioq63iuoue","chunk_label":"unnamed-chunk-5"},{"row":154,"row_count":1,"visible":true,"expansion_state":0,"options":{},"document_id":"BC768ABC","chunk_id":"c7ejrq0b5r80s","chunk_label":"unnamed-chunk-6"},{"row":175,"row_count":1,"visible":true,"expansion_state":0,"options":{},"document_id":"BC768ABC","chunk_id":"cbpi2h5halrw1","chunk_label":"unnamed-chunk-7"},{"row":195,"row_count":1,"visible":true,"expansion_state":0,"options":{},"document_id":"BC768ABC","chunk_id":"cr9nrot8bhm5o","chunk_label":"unnamed-chunk-8"},{"row":210,"row_count":1,"visible":true,"expansion_state":0,"options":{},"document_id":"BC768ABC","chunk_id":"ckfqjl9z5oh8w","chunk_label":"unnamed-chunk-9"},{"row":229,"row_count":1,"visible":true,"expansion_state":0,"options":{},"document_id":"BC768ABC","chunk_id":"cno9zpig59jli","chunk_label":"unnamed-chunk-10"},{"row":239,"row_count":1,"visible":true,"expansion_state":0,"options":{},"document_id":"BC768ABC","chunk_id":"cscm9tacjyu8e","chunk_label":"unnamed-chunk-11"},{"row":378,"row_count":1,"visible":true,"expansion_state":0,"options":{},"document_id":"BC768ABC","chunk_id":"cnzmvlu4zhc24","chunk_label":"unnamed-chunk-12"}],"doc_write_time":1756221548,"working_dir":null,"default_chunk_options":{"echo":true}}