"0","# Reading Thoracic IL-10 Administered Rats for LD"
"0","readxl::read_excel(path =""../Summary Multiplex Data.xlsx"","
"0","                   sheet = ""Thoracic"","
"0","                    range =""N47:R53"") -> LD_Circadian_Thor_IL10_Filter"
"0",""
"0","# Reading Thoracic IL-10 Administered Rats for rLEN"
"0","readxl::read_excel(path =""../Summary Multiplex Data.xlsx"","
"0","                   sheet = ""Thoracic"","
"0","                    range =""U47:Y53"") -> rLEN_Circadian_Thor_IL10_Filter"
