{"chunk_definitions":[{"row":35,"row_count":1,"visible":true,"expansion_state":0,"options":{"engine":"r","label":"setup","include":false,"dev":"png"},"document_id":"1597B41B","chunk_id":"csetup_chunk","chunk_label":"setup"},{"row":47,"row_count":1,"visible":true,"expansion_state":0,"options":{},"document_id":"1597B41B","chunk_id":"cam8aok08hs9m","chunk_label":"unnamed-chunk-1"},{"row":64,"row_count":1,"visible":true,"expansion_state":0,"options":{},"document_id":"1597B41B","chunk_id":"carmo9a4ro46g","chunk_label":"unnamed-chunk-2"},{"row":97,"row_count":1,"visible":true,"expansion_state":0,"options":{},"document_id":"1597B41B","chunk_id":"cmyh8uasdmpkp","chunk_label":"unnamed-chunk-3"},{"row":126,"row_count":1,"visible":true,"expansion_state":0,"options":{},"document_id":"1597B41B","chunk_id":"cpnb4n301eh07","chunk_label":"unnamed-chunk-4"},{"row":136,"row_count":1,"visible":true,"expansion_state":0,"options":{},"document_id":"1597B41B","chunk_id":"c0wx8rou4mthr","chunk_label":"unnamed-chunk-5"},{"row":157,"row_count":1,"visible":true,"expansion_state":0,"options":{},"document_id":"1597B41B","chunk_id":"ccks1410hc0s6","chunk_label":"unnamed-chunk-6"},{"row":178,"row_count":1,"visible":true,"expansion_state":0,"options":{},"document_id":"1597B41B","chunk_id":"c4w9gnxw7hw0c","chunk_label":"unnamed-chunk-7"},{"row":198,"row_count":1,"visible":true,"expansion_state":0,"options":{},"document_id":"1597B41B","chunk_id":"c0i5c2e0n4ka9","chunk_label":"unnamed-chunk-8"},{"row":213,"row_count":1,"visible":true,"expansion_state":0,"options":{},"document_id":"1597B41B","chunk_id":"cghc6o3hx7f90","chunk_label":"unnamed-chunk-9"},{"row":232,"row_count":1,"visible":true,"expansion_state":0,"options":{},"document_id":"1597B41B","chunk_id":"cze32uu7ab748","chunk_label":"unnamed-chunk-10"},{"row":242,"row_count":1,"visible":true,"expansion_state":0,"options":{},"document_id":"1597B41B","chunk_id":"chcb2euk8myqp","chunk_label":"unnamed-chunk-11"},{"row":381,"row_count":1,"visible":true,"expansion_state":0,"options":{},"document_id":"1597B41B","chunk_id":"cvf81m0wcuif5","chunk_label":"unnamed-chunk-12"}],"doc_write_time":1756226396,"working_dir":null,"default_chunk_options":{"echo":true}}