"0","# Reading Cervical IL-1b Administered Rats for LD"
"0","readxl::read_excel(path =""../Summary Multiplex Data.xlsx"","
"0","                   sheet = ""Cervical"","
"0","                    range =""N11:R17"") -> LD_Circadian_Cerv_IL1b_Filter"
"0",""
"0","# Reading Cervical IL-1b Administered Rats for rLEN"
"0","readxl::read_excel(path =""../Summary Multiplex Data.xlsx"","
"0","                   sheet = ""Cervical"","
"0","                    range =""U11:Y17"") -> rLEN_Circadian_Cerv_IL1b_Filter"
