{"chunk_definitions":[{"row":35,"row_count":1,"visible":true,"expansion_state":0,"options":{"engine":"r","label":"setup","include":false,"dev":"png"},"document_id":"450D99E2","chunk_id":"csetup_chunk","chunk_label":"setup"},{"row":47,"row_count":1,"visible":true,"expansion_state":0,"options":{},"document_id":"450D99E2","chunk_id":"caqwrlsybwraw","chunk_label":"unnamed-chunk-1"},{"row":64,"row_count":1,"visible":true,"expansion_state":0,"options":{},"document_id":"450D99E2","chunk_id":"chawc8wfao6ek","chunk_label":"unnamed-chunk-2"},{"row":97,"row_count":1,"visible":true,"expansion_state":0,"options":{},"document_id":"450D99E2","chunk_id":"c0olb99ormkm1","chunk_label":"unnamed-chunk-3"},{"row":126,"row_count":1,"visible":true,"expansion_state":0,"options":{},"document_id":"450D99E2","chunk_id":"c2nk1n4hwyfzb","chunk_label":"unnamed-chunk-4"},{"row":136,"row_count":1,"visible":true,"expansion_state":0,"options":{},"document_id":"450D99E2","chunk_id":"cxy13tawnz87j","chunk_label":"unnamed-chunk-5"},{"row":157,"row_count":1,"visible":true,"expansion_state":0,"options":{},"document_id":"450D99E2","chunk_id":"cxnbyk1a9vzs6","chunk_label":"unnamed-chunk-6"},{"row":178,"row_count":1,"visible":true,"expansion_state":0,"options":{},"document_id":"450D99E2","chunk_id":"cx1yaexouxkxf","chunk_label":"unnamed-chunk-7"},{"row":198,"row_count":1,"visible":true,"expansion_state":0,"options":{},"document_id":"450D99E2","chunk_id":"cp2sdxtjpg6z6","chunk_label":"unnamed-chunk-8"},{"row":213,"row_count":1,"visible":true,"expansion_state":0,"options":{},"document_id":"450D99E2","chunk_id":"c74wi5dhssr5k","chunk_label":"unnamed-chunk-9"},{"row":232,"row_count":1,"visible":true,"expansion_state":0,"options":{},"document_id":"450D99E2","chunk_id":"cwoxpe5tlftig","chunk_label":"unnamed-chunk-10"},{"row":242,"row_count":1,"visible":true,"expansion_state":0,"options":{},"document_id":"450D99E2","chunk_id":"cvhfq637s7nxb","chunk_label":"unnamed-chunk-11"},{"row":381,"row_count":1,"visible":true,"expansion_state":0,"options":{},"document_id":"450D99E2","chunk_id":"c6bzy7unn0m2k","chunk_label":"unnamed-chunk-12"}],"doc_write_time":1756222901,"working_dir":null,"default_chunk_options":{"echo":true}}