{"chunk_definitions":[{"row":35,"row_count":1,"visible":true,"expansion_state":0,"options":{"engine":"r","label":"setup","include":false,"dev":"png"},"document_id":"AE8B60D3","chunk_id":"csetup_chunk","chunk_label":"setup"},{"row":47,"row_count":1,"visible":true,"expansion_state":0,"options":{},"document_id":"AE8B60D3","chunk_id":"cn6ahjrlrwftl","chunk_label":"unnamed-chunk-1"},{"row":64,"row_count":1,"visible":true,"expansion_state":0,"options":{},"document_id":"AE8B60D3","chunk_id":"c8qnmroeccqn2","chunk_label":"unnamed-chunk-2"},{"row":97,"row_count":1,"visible":true,"expansion_state":0,"options":{},"document_id":"AE8B60D3","chunk_id":"cyfbxo0v1qaz7","chunk_label":"unnamed-chunk-3"},{"row":126,"row_count":1,"visible":true,"expansion_state":0,"options":{},"document_id":"AE8B60D3","chunk_id":"ckp7q549mkrdy","chunk_label":"unnamed-chunk-4"},{"row":136,"row_count":1,"visible":true,"expansion_state":0,"options":{},"document_id":"AE8B60D3","chunk_id":"c5mmjeiepd02o","chunk_label":"unnamed-chunk-5"},{"row":157,"row_count":1,"visible":true,"expansion_state":0,"options":{},"document_id":"AE8B60D3","chunk_id":"c2jme1zoxsxnc","chunk_label":"unnamed-chunk-6"},{"row":178,"row_count":1,"visible":true,"expansion_state":0,"options":{},"document_id":"AE8B60D3","chunk_id":"c1zz97ekms6hh","chunk_label":"unnamed-chunk-7"},{"row":198,"row_count":1,"visible":true,"expansion_state":0,"options":{},"document_id":"AE8B60D3","chunk_id":"c80yhnflts3mj","chunk_label":"unnamed-chunk-8"},{"row":213,"row_count":1,"visible":true,"expansion_state":0,"options":{},"document_id":"AE8B60D3","chunk_id":"cn1zds51ngb7f","chunk_label":"unnamed-chunk-9"},{"row":232,"row_count":1,"visible":true,"expansion_state":0,"options":{},"document_id":"AE8B60D3","chunk_id":"cya4vm3o6b5nm","chunk_label":"unnamed-chunk-10"},{"row":242,"row_count":1,"visible":true,"expansion_state":0,"options":{},"document_id":"AE8B60D3","chunk_id":"cuzc921bzok02","chunk_label":"unnamed-chunk-11"},{"row":381,"row_count":1,"visible":true,"expansion_state":0,"options":{},"document_id":"AE8B60D3","chunk_id":"cxydb8vj27azs","chunk_label":"unnamed-chunk-12"}],"doc_write_time":1756223592,"working_dir":null,"default_chunk_options":{"echo":true}}