"0","# Data Conversion to get Individual Points for LD Medullary TNFa "
"0","# Rat Model"
"0","## X value is Zeitgeber time, Y value is Concentration in mg of Drug/Content"
"0",""
"0","# Loads Initial Dataset for LD Medullary TNFa Rats and "
"0","# Removes Outliers"
"0","#outlier_detection(Circadian_Med_TNFa_LD) -> out_res_LDMTNFa"
"0","#filter_outliers(Circadian_Med_TNFa_LD, "
"0","#                out_res_LDMTNFa) ->  LD_Circadian_Med_TNFa_Filter"
"0",""
"0","# Performs Data Carpentry on Filtered LD TNFa Dataset and Removes 'NA's,"
"0","## filters out ZT of 24"
"0","LD_Circadian_Med_TNFa_Filter %>%"
"0","  pivot_longer(cols = c(`0`,`6`,`12`, `18`, `24`), names_to = ""ZT"", "
"0","               values_to = ""Concentration(mg)"") %>%"
"0","  drop_na(`Concentration(mg)`) %>%"
"0","  mutate(ZT = as.numeric(ZT)) %>%"
"0","  arrange(ZT) -> LD_Circadian_Med_TNFa_Filter"
"0","LD_Circadian_Med_TNFa_Filter %>%"
"0","  # Filter out ZT of 24"
"0","  filter(ZT != 24)  -> LD_Circadian_Med_TNFa_data"
"0",""
"0","# Creating Cosinor Model for LD TNFa Rat Plots"
"0","cosinor.lm(`Concentration(mg)` ~ time(ZT), period = 24,"
"0","           data = LD_Circadian_Med_TNFa_Filter) -> cosMod_LD_MTNFa"
"0","# Creating Cosinor Model for LD TNFa Rat Data Analysis"
"0","cosinor.lm(`Concentration(mg)` ~ time(ZT), period = 24,"
"0","           data = LD_Circadian_Med_TNFa_data) -> cosMod_LD_MTNFa_data"
