{"chunk_definitions":[{"row":35,"row_count":1,"visible":true,"expansion_state":0,"options":{"engine":"r","label":"setup","include":false,"dev":"png"},"document_id":"1A6F0374","chunk_id":"csetup_chunk","chunk_label":"setup"},{"row":47,"row_count":1,"visible":true,"expansion_state":0,"options":{},"document_id":"1A6F0374","chunk_id":"c5c2xzfj8f8g8","chunk_label":"unnamed-chunk-1"},{"row":64,"row_count":1,"visible":true,"expansion_state":0,"options":{},"document_id":"1A6F0374","chunk_id":"cao25ysvi16a7","chunk_label":"unnamed-chunk-2"},{"row":97,"row_count":1,"visible":true,"expansion_state":0,"options":{},"document_id":"1A6F0374","chunk_id":"c7iqs4vxcefvu","chunk_label":"unnamed-chunk-3"},{"row":126,"row_count":1,"visible":true,"expansion_state":0,"options":{},"document_id":"1A6F0374","chunk_id":"co55l0dw4z39b","chunk_label":"unnamed-chunk-4"},{"row":136,"row_count":1,"visible":true,"expansion_state":0,"options":{},"document_id":"1A6F0374","chunk_id":"c53dgq2kfjeup","chunk_label":"unnamed-chunk-5"},{"row":157,"row_count":1,"visible":true,"expansion_state":0,"options":{},"document_id":"1A6F0374","chunk_id":"cmkcmo154s26h","chunk_label":"unnamed-chunk-6"},{"row":178,"row_count":1,"visible":true,"expansion_state":0,"options":{},"document_id":"1A6F0374","chunk_id":"ci4urv6tvw9zu","chunk_label":"unnamed-chunk-7"},{"row":198,"row_count":1,"visible":true,"expansion_state":0,"options":{},"document_id":"1A6F0374","chunk_id":"cbdp64w19r2mi","chunk_label":"unnamed-chunk-8"},{"row":213,"row_count":1,"visible":true,"expansion_state":0,"options":{},"document_id":"1A6F0374","chunk_id":"ccvt18mac4ins","chunk_label":"unnamed-chunk-9"},{"row":232,"row_count":1,"visible":true,"expansion_state":0,"options":{},"document_id":"1A6F0374","chunk_id":"cnv9tqf93ap72","chunk_label":"unnamed-chunk-10"},{"row":240,"row_count":1,"visible":true,"expansion_state":0,"options":{},"document_id":"1A6F0374","chunk_id":"co67ion48hj7h","chunk_label":"unnamed-chunk-11"},{"row":379,"row_count":1,"visible":true,"expansion_state":0,"options":{},"document_id":"1A6F0374","chunk_id":"ch5yqyh1r062d","chunk_label":"unnamed-chunk-12"}],"doc_write_time":1756219452,"working_dir":null,"default_chunk_options":{"echo":true}}