"0","# Reading Cervical IL-1a Administered Rats for LD"
"0","readxl::read_excel(path =""../Summary Multiplex Data.xlsx"","
"0","                   sheet = ""Cervical"","
"0","                    range =""N2:R8"") ->  LD_Circadian_Cerv_IL1a_Filter"
"0",""
"0","# Reading Cervical IL-1a Administered Rats for rLEN"
"0","readxl::read_excel(path =""../Summary Multiplex Data.xlsx"","
"0","                   sheet = ""Cervical"","
"0","                    range =""U2:Y8"") ->  rLEN_Circadian_Cerv_IL1a_Filter"
