{"chunk_definitions":[{"row":35,"row_count":1,"visible":true,"expansion_state":0,"options":{"engine":"r","label":"setup","include":false,"dev":"png"},"document_id":"80F2BAAB","chunk_id":"csetup_chunk","chunk_label":"setup"},{"row":47,"row_count":1,"visible":true,"expansion_state":0,"options":{},"document_id":"80F2BAAB","chunk_id":"ccnwqvzxrg641","chunk_label":"unnamed-chunk-1"},{"row":63,"row_count":1,"visible":true,"expansion_state":0,"options":{},"document_id":"80F2BAAB","chunk_id":"c1okivpse88f4","chunk_label":"unnamed-chunk-2"},{"row":94,"row_count":1,"visible":true,"expansion_state":0,"options":{},"document_id":"80F2BAAB","chunk_id":"c7286btp7qzu6","chunk_label":"unnamed-chunk-3"},{"row":124,"row_count":1,"visible":true,"expansion_state":0,"options":{},"document_id":"80F2BAAB","chunk_id":"c8hok1gqynmrq","chunk_label":"unnamed-chunk-4"},{"row":134,"row_count":1,"visible":true,"expansion_state":0,"options":{},"document_id":"80F2BAAB","chunk_id":"c5fl0tjw1fcys","chunk_label":"unnamed-chunk-5"},{"row":155,"row_count":1,"visible":true,"expansion_state":0,"options":{},"document_id":"80F2BAAB","chunk_id":"csf4xr0c2vq7e","chunk_label":"unnamed-chunk-6"},{"row":176,"row_count":1,"visible":true,"expansion_state":0,"options":{},"document_id":"80F2BAAB","chunk_id":"cfxzxr2iwm03p","chunk_label":"unnamed-chunk-7"},{"row":196,"row_count":1,"visible":true,"expansion_state":0,"options":{},"document_id":"80F2BAAB","chunk_id":"c5bbhy7o9isua","chunk_label":"unnamed-chunk-8"},{"row":211,"row_count":1,"visible":true,"expansion_state":0,"options":{},"document_id":"80F2BAAB","chunk_id":"czbbjr6gs5khk","chunk_label":"unnamed-chunk-9"},{"row":230,"row_count":1,"visible":true,"expansion_state":0,"options":{},"document_id":"80F2BAAB","chunk_id":"cw07wsqhfkhiv","chunk_label":"unnamed-chunk-10"},{"row":240,"row_count":1,"visible":true,"expansion_state":0,"options":{},"document_id":"80F2BAAB","chunk_id":"czou5lejwnt4q","chunk_label":"unnamed-chunk-11"},{"row":379,"row_count":1,"visible":true,"expansion_state":0,"options":{},"document_id":"80F2BAAB","chunk_id":"ca6gkjgs9ojv2","chunk_label":"unnamed-chunk-12"}],"doc_write_time":1756223101,"working_dir":null,"default_chunk_options":{"echo":true}}