"0","# Data Conversion to get Individual Points for LD 'MN-Bmal1' "
"0","# Rat Model"
"0","## X value is Zeitgeber time, Y value is Concentration in mg of Drug/Content"
"0",""
"0","# Loads Initial Dataset for LD 'MN-Bmal1' Rats and "
"0","# Removes Outliers"
"0","#outlier_detection(Circadian_MN-Bmal1_LD) -> out_res_LDbmal1"
"0","#filter_outliers(Circadian_MN-Bmal1_LD, "
"0","#                out_res_LDbmal1) ->  LD_Circadian_MN-Bmal1_Filter"
"0",""
"0","# Performs Data Carpentry on Filtered LD IFNy Dataset and Removes 'NA's,"
"0","## filters out ZT of 24"
"0","LD_Circadian_MN_Bmal1_Filter %>%"
"0","  pivot_longer(cols = c(`0`,`6`,`12`, `18`, `24`), names_to = ""ZT"", "
"0","               values_to = ""Concentration(mg)"") %>%"
"0","  drop_na(`Concentration(mg)`) %>%"
"0","  mutate(ZT = as.numeric(ZT)) %>%"
"0","  arrange(ZT) -> LD_Circadian_MN_Bmal1_Filter"
"2","Error: object 'LD_Circadian_MN_Bmal1_Filter' not found
"
