{"chunk_definitions":[{"row":35,"row_count":1,"visible":true,"expansion_state":0,"options":{"engine":"r","label":"setup","include":false,"dev":"png"},"document_id":"5EE12D61","chunk_id":"csetup_chunk","chunk_label":"setup"},{"row":47,"row_count":1,"visible":true,"expansion_state":0,"options":{},"document_id":"5EE12D61","chunk_id":"c3lv28eownx4h","chunk_label":"unnamed-chunk-1"},{"row":63,"row_count":1,"visible":true,"expansion_state":0,"options":{},"document_id":"5EE12D61","chunk_id":"c4bq4rtpegnak","chunk_label":"unnamed-chunk-2"},{"row":96,"row_count":1,"visible":true,"expansion_state":0,"options":{},"document_id":"5EE12D61","chunk_id":"cmo01wr1go7j2","chunk_label":"unnamed-chunk-3"},{"row":127,"row_count":1,"visible":true,"expansion_state":0,"options":{},"document_id":"5EE12D61","chunk_id":"cforgqgcluss8","chunk_label":"unnamed-chunk-4"},{"row":137,"row_count":1,"visible":true,"expansion_state":0,"options":{},"document_id":"5EE12D61","chunk_id":"cp2yiw02y5gdw","chunk_label":"unnamed-chunk-5"},{"row":158,"row_count":1,"visible":true,"expansion_state":0,"options":{},"document_id":"5EE12D61","chunk_id":"c9yqd40k3ribr","chunk_label":"unnamed-chunk-6"},{"row":179,"row_count":1,"visible":true,"expansion_state":0,"options":{},"document_id":"5EE12D61","chunk_id":"c26yuiwpr09fd","chunk_label":"unnamed-chunk-7"},{"row":199,"row_count":1,"visible":true,"expansion_state":0,"options":{},"document_id":"5EE12D61","chunk_id":"curb0pzthnzib","chunk_label":"unnamed-chunk-8"},{"row":214,"row_count":1,"visible":true,"expansion_state":0,"options":{},"document_id":"5EE12D61","chunk_id":"c4qi3vzqcg523","chunk_label":"unnamed-chunk-9"},{"row":233,"row_count":1,"visible":true,"expansion_state":0,"options":{},"document_id":"5EE12D61","chunk_id":"cbph5vl8ff7jx","chunk_label":"unnamed-chunk-10"},{"row":243,"row_count":1,"visible":true,"expansion_state":0,"options":{},"document_id":"5EE12D61","chunk_id":"cgt9teolc0yi2","chunk_label":"unnamed-chunk-11"},{"row":382,"row_count":1,"visible":true,"expansion_state":0,"options":{},"document_id":"5EE12D61","chunk_id":"cbdipyonu3idx","chunk_label":"unnamed-chunk-12"}],"doc_write_time":1756226604,"working_dir":null,"default_chunk_options":{"echo":true}}