{"chunk_definitions":[{"row":35,"row_count":1,"visible":true,"expansion_state":0,"options":{"engine":"r","label":"setup","include":false,"dev":"png"},"document_id":"3C208419","chunk_id":"csetup_chunk","chunk_label":"setup"},{"row":47,"row_count":1,"visible":true,"expansion_state":0,"options":{},"document_id":"3C208419","chunk_id":"cucafdfnczlop","chunk_label":"unnamed-chunk-1"},{"row":63,"row_count":1,"visible":true,"expansion_state":0,"options":{},"document_id":"3C208419","chunk_id":"ckyyldrffgq16","chunk_label":"unnamed-chunk-2"},{"row":96,"row_count":1,"visible":true,"expansion_state":0,"options":{},"document_id":"3C208419","chunk_id":"c3cl5d1uex65y","chunk_label":"unnamed-chunk-3"},{"row":126,"row_count":1,"visible":true,"expansion_state":0,"options":{},"document_id":"3C208419","chunk_id":"ct92g060wiqyt","chunk_label":"unnamed-chunk-4"},{"row":136,"row_count":1,"visible":true,"expansion_state":0,"options":{},"document_id":"3C208419","chunk_id":"cjeiqad7772e6","chunk_label":"unnamed-chunk-5"},{"row":156,"row_count":1,"visible":true,"expansion_state":0,"options":{},"document_id":"3C208419","chunk_id":"cqb11pg7jovth","chunk_label":"unnamed-chunk-6"},{"row":177,"row_count":1,"visible":true,"expansion_state":0,"options":{},"document_id":"3C208419","chunk_id":"cgtrms2malx3p","chunk_label":"unnamed-chunk-7"},{"row":197,"row_count":1,"visible":true,"expansion_state":0,"options":{},"document_id":"3C208419","chunk_id":"cllc6rcob5wlz","chunk_label":"unnamed-chunk-8"},{"row":212,"row_count":1,"visible":true,"expansion_state":0,"options":{},"document_id":"3C208419","chunk_id":"c0bhqvjfi2481","chunk_label":"unnamed-chunk-9"},{"row":231,"row_count":1,"visible":true,"expansion_state":0,"options":{},"document_id":"3C208419","chunk_id":"ccc8wftq70q3i","chunk_label":"unnamed-chunk-10"},{"row":241,"row_count":1,"visible":true,"expansion_state":0,"options":{},"document_id":"3C208419","chunk_id":"crndyr8p87zkh","chunk_label":"unnamed-chunk-11"},{"row":380,"row_count":1,"visible":true,"expansion_state":0,"options":{},"document_id":"3C208419","chunk_id":"c873igy8fsq0w","chunk_label":"unnamed-chunk-12"}],"doc_write_time":1756221170,"working_dir":null,"default_chunk_options":{"echo":true}}