{"chunk_definitions":[{"row":35,"row_count":1,"visible":true,"expansion_state":0,"options":{"engine":"r","label":"setup","include":false,"dev":"png"},"document_id":"4103A503","chunk_id":"csetup_chunk","chunk_label":"setup"},{"row":47,"row_count":1,"visible":true,"expansion_state":0,"options":{},"document_id":"4103A503","chunk_id":"cmkzf2m06hfo7","chunk_label":"unnamed-chunk-1"},{"row":64,"row_count":1,"visible":true,"expansion_state":0,"options":{},"document_id":"4103A503","chunk_id":"cwna9mz5lj1pq","chunk_label":"unnamed-chunk-2"},{"row":97,"row_count":1,"visible":true,"expansion_state":0,"options":{},"document_id":"4103A503","chunk_id":"cnxw2m7pljkmu","chunk_label":"unnamed-chunk-3"},{"row":126,"row_count":1,"visible":true,"expansion_state":0,"options":{},"document_id":"4103A503","chunk_id":"crm4fnbr037nr","chunk_label":"unnamed-chunk-4"},{"row":136,"row_count":1,"visible":true,"expansion_state":0,"options":{},"document_id":"4103A503","chunk_id":"c7ix7s4r9ayna","chunk_label":"unnamed-chunk-5"},{"row":157,"row_count":1,"visible":true,"expansion_state":0,"options":{},"document_id":"4103A503","chunk_id":"cg6urh8udzpyx","chunk_label":"unnamed-chunk-6"},{"row":178,"row_count":1,"visible":true,"expansion_state":0,"options":{},"document_id":"4103A503","chunk_id":"ckpeeuhp8988i","chunk_label":"unnamed-chunk-7"},{"row":198,"row_count":1,"visible":true,"expansion_state":0,"options":{},"document_id":"4103A503","chunk_id":"cguw5ebve016t","chunk_label":"unnamed-chunk-8"},{"row":213,"row_count":1,"visible":true,"expansion_state":0,"options":{},"document_id":"4103A503","chunk_id":"c6dnuwpvdjirr","chunk_label":"unnamed-chunk-9"},{"row":232,"row_count":1,"visible":true,"expansion_state":0,"options":{},"document_id":"4103A503","chunk_id":"ck6sy68bs93aw","chunk_label":"unnamed-chunk-10"},{"row":242,"row_count":1,"visible":true,"expansion_state":0,"options":{},"document_id":"4103A503","chunk_id":"cqo7mo8zxysdq","chunk_label":"unnamed-chunk-11"},{"row":381,"row_count":1,"visible":true,"expansion_state":0,"options":{},"document_id":"4103A503","chunk_id":"cvfdteg746tlh","chunk_label":"unnamed-chunk-12"}],"doc_write_time":1756222636,"working_dir":null,"default_chunk_options":{"echo":true}}