"0","# Reading Serum Epinephrine Administered Rats for LD"
"0","readxl::read_excel(path =""../Circadian Disruption ZT Data ABM NEW.xlsx"","
"0","                   sheet = ""Serum Epinephrine"","
"0","                    range =""N2:R10"") -> Circadian_SerumEpi_LD"
"0",""
"0","# Reading Serum Epinephrine Administered Rats for rLEN"
"0","readxl::read_excel(path =""../Circadian Disruption ZT Data ABM NEW.xlsx"","
"0","                   sheet = ""Serum Epinephrine"","
"0","                    range =""U2:Y12"") -> Circadian_SerumEpi_rLEN"
