"0","# Data Conversion to get Individual Points for LD Spinal Adenosine Rat Model"
"0","## X value is Zeitgeber time, Y value is Concentration in mg of Drug/Content"
"0",""
"0","# Loads Initial Dataset for LD Spinal Adenosine Rats and Removes Outliers"
"0","outlier_detection(Circadian_CervSpinalAden_LD) -> out_res_LDCAS"
"0","filter_outliers(Circadian_CervSpinalAden_LD, "
"0","                out_res_LDCAS) ->  LD_Circadian_CervSpinalAden_Filter"
"0",""
"0","# Performs Data Carpentry on Filtered LD MS Dataset and Removes 'NA's,"
"0","## filters out ZT of 24"
"0","LD_Circadian_CervSpinalAden_Filter %>%"
"0","  pivot_longer(cols = c(`0`,`6`,`12`, `18`, `24`), names_to = ""ZT"", "
"0","               values_to = ""Concentration(mg)"") %>%"
"0","  drop_na(`Concentration(mg)`) %>%"
"0","  mutate(ZT = as.numeric(ZT)) %>%"
"0","  arrange(ZT) -> LD_Circadian_CervSpinalAden_Filter"
"0","LD_Circadian_CervSpinalAden_Filter %>%"
"0","  # Filter out ZT of 24"
"0","  filter(ZT != 24)  -> LD_Circadian_CervSpinalAden_data"
"0",""
"0","# Creating Cosinor Model for LD MS Rat Plots"
"0","cosinor.lm(`Concentration(mg)` ~ time(ZT), period = 24,"
"0","           data = LD_Circadian_CervSpinalAden_Filter) -> cosMod_LD_CAS"
"0","# Creating Cosinor Model for LD MS Rat Data Analysis"
"0","cosinor.lm(`Concentration(mg)` ~ time(ZT), period = 24,"
"0","           data = LD_Circadian_CervSpinalAden_data) -> cosMod_LD_CAS_data"
"0",""
