"0","# Data Conversion to get Individual Points for rLEN Cervical Spinal Serotonin "
"0","# Rat Model "
"0","## X value is Zeitgeber time, Y value is Concentration in mg of Drug/Content"
"0",""
"0","# Loads Initial Dataset for rLEN Cervical Spinal Serotonin Rats and "
"0","# Removes Outliers"
"0","outlier_detection(Circadian_CervSpinalSero_rLEN) -> out_res_rLENCSS"
"0","filter_outliers(Circadian_CervSpinalSero_rLEN, "
"0","                out_res_rLENCSS) ->  rLEN_Circadian_CervSpinalSero_Filter"
"0",""
"0","# Performs Data Carpentry on Filtered LD MS Dataset and Removes 'NA's"
"0","rLEN_Circadian_CervSpinalSero_Filter %>%"
"0","  pivot_longer(cols = c(`0`,`6`,`12`, `18`, `24`), names_to = ""ZT"", "
"0","               values_to = ""Concentration(mg)"") %>%"
"0","  drop_na(`Concentration(mg)`) %>%"
"0","  mutate(ZT = as.numeric(ZT)) %>%"
"0","  arrange(ZT) -> rLEN_Circadian_CervSpinalSero_Filter"
"0","rLEN_Circadian_CervSpinalSero_Filter %>%"
"0","  # Filter out ZT of 24"
"0","  filter(ZT != 24)  -> rLEN_Circadian_CervSpinalSero_data"
"0",""
"0","# Creating Cosinor Model for LD MS Rat Plots"
"0","cosinor.lm(`Concentration(mg)` ~ time(ZT), period = 24,"
"0","           data = rLEN_Circadian_CervSpinalSero_Filter) -> cosMod_rLEN_CSS"
"0","# Creating Cosinor Model for LD MS Rat Plot Data Analysis"
"0","cosinor.lm(`Concentration(mg)` ~ time(ZT), period = 24,"
"0","           data = rLEN_Circadian_CervSpinalSero_data) -> cosMod_rLEN_CSS_data"
