"0","# Reading Medullary IL-2 Administered Rats for LD"
"0","readxl::read_excel(path =""../Summary Multiplex Data.xlsx"","
"0","                   sheet = ""Medulla"","
"0","                    range =""N20:R26"") -> LD_Circadian_Med_IL2_Filter"
"0",""
"0","# Reading Medullary IL-2 Administered Rats for rLEN"
"0","readxl::read_excel(path =""../Summary Multiplex Data.xlsx"","
"0","                   sheet = ""Medulla"","
"0","                    range =""U20:Y26"") -> rLEN_Circadian_Med_IL2_Filter"
